merged_sample_name,sample_name,Read1_file,input,filtered,denoised,merged,tabled,nonchim,Sample,Treatment,Label (18O),Hours,TNA ext. date,TNA ext. batch,PCR date,PCR batch,Sample no.,Fraction no.,Density (old_calc),Control,16S copies,Density (nD-TC),Density (g ml-1),Density zone,Comparison_pair,Library size
Roey215-blank-10_S215_L001,Roey215-blank-10_S215_L001,Roey215-blank-10_S215_L001_R1_001_noPrimers.fastq.gz,734,688,661,629,629,602,blank_10,NA,Unlabelled,96,NA,1,06/05/2021,1,NA,10,NA,TRUE,47.08,1.4,1.7,Light,NA,602
Roey216-blank-11_S216_L001,Roey216-blank-11_S216_L001,Roey216-blank-11_S216_L001_R1_001_noPrimers.fastq.gz,23794,23424,23273,22793,22793,22359,blank_11,NA,Unlabelled,96,NA,1,06/05/2021,1,NA,11,NA,TRUE,17.77,1.4,1.68,Light,NA,22187
Roey207-blank-2_S207_L001,Roey207-blank-2_S207_L001,Roey207-blank-2_S207_L001_R1_001_noPrimers.fastq.gz,28033,27623,27329,26631,26617,26116,blank_2,NA,Unlabelled,96,NA,1,06/05/2021,1,NA,2,NA,TRUE,302.54,1.41,1.78,Heavy,NA,25992
Roey208-blank-3_S208_L001,Roey208-blank-3_S208_L001,Roey208-blank-3_S208_L001_R1_001_noPrimers.fastq.gz,23911,23575,23358,22973,22973,22612,blank_3,NA,Unlabelled,96,NA,1,06/05/2021,1,NA,3,NA,TRUE,30.16,1.41,1.77,Heavy,NA,22310
Roey209-blank-4_S209_L001,Roey209-blank-4_S209_L001,Roey209-blank-4_S209_L001_R1_001_noPrimers.fastq.gz,24011,23609,23392,23226,23226,23215,blank_4,NA,Unlabelled,96,NA,1,06/05/2021,1,NA,4,NA,TRUE,33.44,1.41,1.76,Heavy,NA,22995
Roey210-blank-5_S210_L001,Roey210-blank-5_S210_L001,Roey210-blank-5_S210_L001_R1_001_noPrimers.fastq.gz,12740,12580,12482,12430,12430,12418,blank_5,NA,Unlabelled,96,NA,1,06/05/2021,1,NA,5,NA,TRUE,23.98,1.4,1.75,Heavy,NA,12303
Roey211-blank-6_S211_L001,Roey211-blank-6_S211_L001,Roey211-blank-6_S211_L001_R1_001_noPrimers.fastq.gz,23037,22859,22750,22586,22586,22576,blank_6,NA,Unlabelled,96,NA,1,06/05/2021,1,NA,6,NA,TRUE,36.99,1.4,1.74,Heavy,NA,22408
Roey212-blank-7_S212_L001,Roey212-blank-7_S212_L001,Roey212-blank-7_S212_L001_R1_001_noPrimers.fastq.gz,12549,12387,12315,12235,12235,12231,blank_7,NA,Unlabelled,96,NA,1,06/05/2021,1,NA,7,NA,TRUE,16.6,1.4,1.73,Light,NA,12170
Roey213-blank-8_S213_L001,Roey213-blank-8_S213_L001,Roey213-blank-8_S213_L001_R1_001_noPrimers.fastq.gz,11062,10900,10779,10697,10697,10674,blank_8,NA,Unlabelled,96,NA,1,06/05/2021,1,NA,8,NA,TRUE,22.16,1.4,1.72,Light,NA,10635
Roey214-blank-9_S214_L001,Roey214-blank-9_S214_L001,Roey214-blank-9_S214_L001_R1_001_noPrimers.fastq.gz,14699,14316,14185,13637,13637,13446,blank_9,NA,Unlabelled,96,NA,1,06/05/2021,1,NA,9,NA,TRUE,48.57,1.4,1.71,Light,NA,13393
661Roey011-Mock-com_S11_L001,661Roey011-Mock-com_S11_L001,661Roey011-Mock-com_S11_L001_R1_001_noPrimers.fastq.gz,56988,55505,55007,54244,54238,49805,Mcok,Mock,NA,NA,NA,NA,06/05/2021,1,NA,NA,NA,FALSE,1,NA,NA,NA,NA,49237
661Roey084-Mock-com-2_S84_L001,661Roey084-Mock-com-2_S84_L001,661Roey084-Mock-com-2_S84_L001_R1_001_noPrimers.fastq.gz,115797,113682,113104,112498,112488,102664,Mcok,Mock,NA,NA,NA,NA,06/05/2021,1,NA,NA,NA,FALSE,1,NA,NA,NA,NA,102174
661Roey001-N1-2_S1_L001,661Roey001-N1-2_S1_L001,661Roey001-N1-2_S1_L001_R1_001_noPrimers.fastq.gz,11735,11570,11506,11372,11372,10999,Na_1,Natural,Unlabelled,96,17/02/2021,1,06/05/2021,1,1,2,NA,FALSE,348.17,1.41,1.77,Heavy,1,10927
661Roey002-N1-3_S2_L001,661Roey002-N1-3_S2_L001,661Roey002-N1-3_S2_L001_R1_001_noPrimers.fastq.gz,26709,26257,25845,25264,25264,25146,Na_1,Natural,Unlabelled,96,17/02/2021,1,06/05/2021,1,1,3,NA,FALSE,300.23,1.41,1.76,Heavy,1,24917
661Roey003-N1-4_S3_L001,661Roey003-N1-4_S3_L001,661Roey003-N1-4_S3_L001_R1_001_noPrimers.fastq.gz,27835,27453,27224,26604,26575,25838,Na_1,Natural,Unlabelled,96,17/02/2021,1,06/05/2021,1,1,4,NA,FALSE,965.13,1.4,1.75,Heavy,1,25618
661Roey004-N1-5_S4_L001,661Roey004-N1-5_S4_L001,661Roey004-N1-5_S4_L001_R1_001_noPrimers.fastq.gz,24846,24494,24200,23793,23793,23697,Na_1,Natural,Unlabelled,96,17/02/2021,1,06/05/2021,1,1,5,NA,FALSE,1697.53,1.4,1.74,Heavy,1,23520
661Roey005-N1-6_S5_L001,661Roey005-N1-6_S5_L001,661Roey005-N1-6_S5_L001_R1_001_noPrimers.fastq.gz,28969,28453,28002,27193,27193,26858,Na_1,Natural,Unlabelled,96,17/02/2021,1,06/05/2021,1,1,6,NA,FALSE,2838.46,1.4,1.73,Heavy,1,26755
661Roey006-N1-7_S6_L001,661Roey006-N1-7_S6_L001,661Roey006-N1-7_S6_L001_R1_001_noPrimers.fastq.gz,119723,117318,115562,110565,110565,108311,Na_1,Natural,Unlabelled,96,17/02/2021,1,06/05/2021,1,1,7,NA,FALSE,2924.85,1.4,1.72,Light,1,107096
661Roey007-N1-8_S7_L001,661Roey007-N1-8_S7_L001,661Roey007-N1-8_S7_L001_R1_001_noPrimers.fastq.gz,278198,269632,265258,224788,224699,216226,Na_1,Natural,Unlabelled,96,17/02/2021,1,06/05/2021,1,1,8,NA,FALSE,3896.13,1.4,1.71,Light,1,213676
661Roey008-N1-9_S8_L001,661Roey008-N1-9_S8_L001,661Roey008-N1-9_S8_L001_R1_001_noPrimers.fastq.gz,179441,171929,169039,128636,128612,124041,Na_1,Natural,Unlabelled,96,17/02/2021,1,06/05/2021,1,1,9,NA,FALSE,3848.41,1.4,1.7,Light,1,122487
661Roey009-N1-10_S9_L001,661Roey009-N1-10_S9_L001,661Roey009-N1-10_S9_L001_R1_001_noPrimers.fastq.gz,184846,181261,177183,170650,170519,165441,Na_1,Natural,Unlabelled,96,17/02/2021,1,06/05/2021,1,1,10,NA,FALSE,1626.59,1.4,1.69,Light,1,162844
661Roey010-N1-11_S10_L001,661Roey010-N1-11_S10_L001,661Roey010-N1-11_S10_L001_R1_001_noPrimers.fastq.gz,83240,81747,80477,79126,79126,78053,Na_1,Natural,Unlabelled,96,17/02/2021,1,06/05/2021,1,1,11,NA,FALSE,499,1.4,1.68,Light,1,77233
661Roey062-NTC-N1-5and19_S62_L001,661Roey062-NTC-N1-5and19_S62_L001,661Roey062-NTC-N1-5and19_S62_L001_R1_001_noPrimers.fastq.gz,17803,16556,16529,5880,5880,5870,Na_1,Restored,NA,NA,NA,NA,06/05/2021,1,NA,NA,NA,TRUE,1,NA,NA,NA,NA,5421
Angel105-TG1-2_S105_L001,Angel105-TG1-2_S105_L001,Angel105-TG1-2_S105_L001_R1_001_noPrimers.fastq.gz,136040,133154,129682,122183,122136,113780,Na_1,Natural,Labelled,96,29/11/2020,1,06/05/2021,1,1,2,NA,FALSE,348.17,1.41,1.77,Heavy,1,110689
Angel106-TG1-3_S106_L001,Angel106-TG1-3_S106_L001,Angel106-TG1-3_S106_L001_R1_001_noPrimers.fastq.gz,169337,166129,163042,155248,155246,147111,Na_1,Natural,Labelled,96,29/11/2020,1,06/05/2021,1,1,3,NA,FALSE,300.23,1.41,1.76,Heavy,1,143929
Angel107-TG1-4_S107_L001,Angel107-TG1-4_S107_L001,Angel107-TG1-4_S107_L001_R1_001_noPrimers.fastq.gz,233075,228424,222772,206929,206758,192665,Na_1,Natural,Labelled,96,29/11/2020,1,06/05/2021,1,1,4,NA,FALSE,965.13,1.4,1.75,Heavy,1,188599
Angel108-TG1-5_S108_L001,Angel108-TG1-5_S108_L001,Angel108-TG1-5_S108_L001_R1_001_noPrimers.fastq.gz,302647,297141,291338,269037,268684,245063,Na_1,Natural,Labelled,96,29/11/2020,1,06/05/2021,1,1,5,NA,FALSE,1697.53,1.4,1.74,Heavy,1,239617
Angel109-TG1-6_S109_L001,Angel109-TG1-6_S109_L001,Angel109-TG1-6_S109_L001_R1_001_noPrimers.fastq.gz,390229,384381,377922,344996,344746,295807,Na_1,Natural,Labelled,96,29/11/2020,1,06/05/2021,1,1,6,NA,FALSE,2838.46,1.4,1.73,Heavy,1,291129
Angel110-TG1-7_S110_L001,Angel110-TG1-7_S110_L001,Angel110-TG1-7_S110_L001_R1_001_noPrimers.fastq.gz,375942,368865,360114,324375,323691,267711,Na_1,Natural,Labelled,96,29/11/2020,1,06/05/2021,1,1,7,NA,FALSE,2924.85,1.4,1.72,Light,1,264588
Angel111-TG1-8_S111_L001,Angel111-TG1-8_S111_L001,Angel111-TG1-8_S111_L001_R1_001_noPrimers.fastq.gz,325142,319320,312197,281592,281132,230836,Na_1,Natural,Labelled,96,29/11/2020,1,06/05/2021,1,1,8,NA,FALSE,3896.13,1.4,1.71,Light,1,226979
Angel112-TG1-9_S112_L001,Angel112-TG1-9_S112_L001,Angel112-TG1-9_S112_L001_R1_001_noPrimers.fastq.gz,395023,387360,376744,333372,332235,242657,Na_1,Natural,Labelled,96,29/11/2020,1,06/05/2021,1,1,9,NA,FALSE,3848.41,1.4,1.7,Light,1,239611
Angel113-TG1-10_S113_L001,Angel113-TG1-10_S113_L001,Angel113-TG1-10_S113_L001_R1_001_noPrimers.fastq.gz,244152,239280,232945,213536,213416,184402,Na_1,Natural,Labelled,96,29/11/2020,1,06/05/2021,1,1,10,NA,FALSE,1626.59,1.4,1.69,Light,1,179865
Angel114-TG1-11_S114_L001,Angel114-TG1-11_S114_L001,Angel114-TG1-11_S114_L001_R1_001_noPrimers.fastq.gz,255794,251819,247444,227354,226967,191287,Na_1,Natural,Labelled,96,29/11/2020,1,06/05/2021,1,1,11,NA,FALSE,499,1.4,1.68,Light,1,188051
Roey206-NTC-TG7-11_S206_L001,Roey206-NTC-TG7-11_S206_L001,Roey206-NTC-TG7-11_S206_L001_R1_001_noPrimers.fastq.gz,17304,16265,16222,5649,5649,5629,Na_1,Natural,NA,NA,NA,NA,06/05/2021,1,NA,NA,NA,TRUE,1,NA,NA,NA,NA,5630
661Roey012-N3-2_S12_L001,661Roey012-N3-2_S12_L001,661Roey012-N3-2_S12_L001_R1_001_noPrimers.fastq.gz,125380,120832,118955,96299,96268,94139,Na_2,Natural,Unlabelled,96,17/02/2021,1,06/05/2021,1,3,2,NA,FALSE,6.47,1.41,1.78,Heavy,2,92843
661Roey013-N3-3_S13_L001,661Roey013-N3-3_S13_L001,661Roey013-N3-3_S13_L001_R1_001_noPrimers.fastq.gz,105945,102501,100849,76418,76398,75027,Na_2,Natural,Unlabelled,96,17/02/2021,1,06/05/2021,1,3,3,NA,FALSE,8.09,1.41,1.76,Heavy,2,74431
661Roey014-N3-4_S14_L001,661Roey014-N3-4_S14_L001,661Roey014-N3-4_S14_L001_R1_001_noPrimers.fastq.gz,34445,33830,33039,32245,32245,31848,Na_2,Natural,Unlabelled,96,17/02/2021,1,06/05/2021,1,3,4,NA,FALSE,1,1.41,1.76,Heavy,2,31595
661Roey015-N3-5_S15_L001,661Roey015-N3-5_S15_L001,661Roey015-N3-5_S15_L001_R1_001_noPrimers.fastq.gz,27448,27089,26795,26180,26180,25803,Na_2,Natural,Unlabelled,96,17/02/2021,1,06/05/2021,1,3,5,NA,FALSE,65.63,1.4,1.74,Heavy,2,25736
661Roey016-N3-6_S16_L001,661Roey016-N3-6_S16_L001,661Roey016-N3-6_S16_L001_R1_001_noPrimers.fastq.gz,28913,28473,28111,27455,27455,27162,Na_2,Natural,Unlabelled,96,17/02/2021,1,06/05/2021,1,3,6,NA,FALSE,83.6,1.4,1.73,Heavy,2,26931
661Roey017-N3-7_S17_L001,661Roey017-N3-7_S17_L001,661Roey017-N3-7_S17_L001_R1_001_noPrimers.fastq.gz,57743,56599,55823,54106,54048,53664,Na_2,Natural,Unlabelled,96,17/02/2021,1,06/05/2021,1,3,7,NA,FALSE,134.05,1.4,1.72,Light,2,53182
661Roey018-N3-8_S18_L001,661Roey018-N3-8_S18_L001,661Roey018-N3-8_S18_L001_R1_001_noPrimers.fastq.gz,269328,264668,260582,248676,248665,234247,Na_2,Natural,Unlabelled,96,17/02/2021,1,06/05/2021,1,3,8,NA,FALSE,170.91,1.4,1.72,Light,2,230476
661Roey019-N3-9_S19_L001,661Roey019-N3-9_S19_L001,661Roey019-N3-9_S19_L001_R1_001_noPrimers.fastq.gz,291970,286476,281347,267679,266369,244730,Na_2,Natural,Unlabelled,96,17/02/2021,1,06/05/2021,1,3,9,NA,FALSE,216.12,1.4,1.71,Light,2,240986
661Roey020-N3-10_S20_L001,661Roey020-N3-10_S20_L001,661Roey020-N3-10_S20_L001_R1_001_noPrimers.fastq.gz,231211,227115,222798,210392,210324,188562,Na_2,Natural,Unlabelled,96,17/02/2021,1,06/05/2021,1,3,10,NA,FALSE,115.89,1.4,1.7,Light,2,185328
661Roey021-N3-11_S21_L001,661Roey021-N3-11_S21_L001,661Roey021-N3-11_S21_L001_R1_001_noPrimers.fastq.gz,248037,243528,239199,230647,230215,215255,Na_2,Natural,Unlabelled,96,17/02/2021,1,06/05/2021,1,3,11,NA,FALSE,1,1.4,1.67,Light,2,213373
Angel115-TG3-2_S115_L001,Angel115-TG3-2_S115_L001,Angel115-TG3-2_S115_L001_R1_001_noPrimers.fastq.gz,24862,24424,24042,23567,23472,23303,Na_2,Natural,Labelled,96,29/11/2020,1,06/05/2021,1,3,2,NA,FALSE,6.47,1.41,1.78,Heavy,2,23096
Angel116-TG3-3_S116_L001,Angel116-TG3-3_S116_L001,Angel116-TG3-3_S116_L001_R1_001_noPrimers.fastq.gz,25396,24990,24741,24194,24143,24033,Na_2,Natural,Labelled,96,29/11/2020,1,06/05/2021,1,3,3,NA,FALSE,8.09,1.41,1.76,Heavy,2,23797
Angel117-TG3-4_S117_L001,Angel117-TG3-4_S117_L001,Angel117-TG3-4_S117_L001_R1_001_noPrimers.fastq.gz,29062,28467,27979,27342,27342,27242,Na_2,Natural,Labelled,96,29/11/2020,1,06/05/2021,1,3,4,NA,FALSE,1,1.41,1.76,Heavy,2,26932
Angel118-TG3-5_S118_L001,Angel118-TG3-5_S118_L001,Angel118-TG3-5_S118_L001_R1_001_noPrimers.fastq.gz,43886,42755,42141,40437,40437,40288,Na_2,Natural,Labelled,96,29/11/2020,1,06/05/2021,1,3,5,NA,FALSE,65.63,1.4,1.74,Heavy,2,39857
Angel119-TG3-6_S119_L001,Angel119-TG3-6_S119_L001,Angel119-TG3-6_S119_L001_R1_001_noPrimers.fastq.gz,167222,164026,161311,157258,157257,153741,Na_2,Natural,Labelled,96,29/11/2020,1,06/05/2021,1,3,6,NA,FALSE,83.6,1.4,1.73,Heavy,2,151642
Angel120-TG3-7_S120_L001,Angel120-TG3-7_S120_L001,Angel120-TG3-7_S120_L001_R1_001_noPrimers.fastq.gz,137987,135298,132902,127132,126933,123918,Na_2,Natural,Labelled,96,29/11/2020,1,06/05/2021,1,3,7,NA,FALSE,134.05,1.4,1.72,Light,2,121711
Angel121-TG3-8_S121_L001,Angel121-TG3-8_S121_L001,Angel121-TG3-8_S121_L001_R1_001_noPrimers.fastq.gz,233197,228744,224400,217600,216022,211315,Na_2,Natural,Labelled,96,29/11/2020,1,06/05/2021,1,3,8,NA,FALSE,170.91,1.4,1.72,Light,2,208807
Angel122-TG3-9_S122_L001,Angel122-TG3-9_S122_L001,Angel122-TG3-9_S122_L001_R1_001_noPrimers.fastq.gz,175885,172685,169932,162880,162873,158119,Na_2,Natural,Labelled,96,29/11/2020,1,06/05/2021,1,3,9,NA,FALSE,216.12,1.4,1.71,Light,2,155710
Angel123-TG3-10_S123_L001,Angel123-TG3-10_S123_L001,Angel123-TG3-10_S123_L001_R1_001_noPrimers.fastq.gz,113884,111906,109796,106665,106619,105497,Na_2,Natural,Labelled,96,29/11/2020,1,06/05/2021,1,3,10,NA,FALSE,115.89,1.4,1.7,Light,2,103849
Angel124-TG3-11_S124_L001,Angel124-TG3-11_S124_L001,Angel124-TG3-11_S124_L001_R1_001_noPrimers.fastq.gz,29279,28786,28325,27462,27450,27359,Na_2,Natural,Labelled,96,29/11/2020,1,06/05/2021,1,3,11,NA,FALSE,1,1.4,1.67,Light,2,27049
661Roey022-N5-2_S22_L001,661Roey022-N5-2_S22_L001,661Roey022-N5-2_S22_L001_R1_001_noPrimers.fastq.gz,6930,6808,6774,6746,6746,6746,Na_3,Natural,Unlabelled,96,17/02/2021,1,06/05/2021,1,5,2,NA,FALSE,24.9,1.41,1.78,Heavy,3,6674
661Roey023-N5-3_S23_L001,661Roey023-N5-3_S23_L001,661Roey023-N5-3_S23_L001_R1_001_noPrimers.fastq.gz,13762,13573,13499,13393,13121,13104,Na_3,Natural,Unlabelled,96,17/02/2021,1,06/05/2021,1,5,3,NA,FALSE,4.41,1.41,1.77,Heavy,3,12991
661Roey024-N5-4_S24_L001,661Roey024-N5-4_S24_L001,661Roey024-N5-4_S24_L001_R1_001_noPrimers.fastq.gz,17957,17610,17542,17385,17385,17381,Na_3,Natural,Unlabelled,96,17/02/2021,1,06/05/2021,1,5,4,NA,FALSE,12.59,1.41,1.75,Heavy,3,17249
661Roey025-N5-5_S25_L001,661Roey025-N5-5_S25_L001,661Roey025-N5-5_S25_L001_R1_001_noPrimers.fastq.gz,20842,20527,20318,19931,19853,19593,Na_3,Natural,Unlabelled,96,17/02/2021,1,06/05/2021,1,5,5,NA,FALSE,9.32,1.4,1.75,Heavy,3,19429
661Roey026-N5-6_S26_L001,661Roey026-N5-6_S26_L001,661Roey026-N5-6_S26_L001_R1_001_noPrimers.fastq.gz,11359,11231,11169,11102,11102,11096,Na_3,Natural,Unlabelled,96,17/02/2021,1,06/05/2021,1,5,6,NA,FALSE,10.44,1.4,1.73,Heavy,3,10986
661Roey027-N5-7_S27_L001,661Roey027-N5-7_S27_L001,661Roey027-N5-7_S27_L001_R1_001_noPrimers.fastq.gz,23503,23118,22670,22365,22337,22103,Na_3,Natural,Unlabelled,96,17/02/2021,1,06/05/2021,1,5,7,NA,FALSE,50.46,1.4,1.73,Light,3,21926
661Roey028-N5-8_S28_L001,661Roey028-N5-8_S28_L001,661Roey028-N5-8_S28_L001_R1_001_noPrimers.fastq.gz,15168,14939,14861,14728,14728,14088,Na_3,Natural,Unlabelled,96,17/02/2021,1,06/05/2021,1,5,8,NA,FALSE,38.79,1.4,1.71,Light,3,13939
661Roey029-N5-9_S29_L001,661Roey029-N5-9_S29_L001,661Roey029-N5-9_S29_L001_R1_001_noPrimers.fastq.gz,25758,24612,24280,16783,16783,16471,Na_3,Natural,Unlabelled,96,17/02/2021,1,06/05/2021,1,5,9,NA,FALSE,81.24,1.4,1.71,Light,3,16574
661Roey030-N5-10_S30_L001,661Roey030-N5-10_S30_L001,661Roey030-N5-10_S30_L001_R1_001_noPrimers.fastq.gz,29386,27934,27540,19402,19402,19027,Na_3,Natural,Unlabelled,96,17/02/2021,1,06/05/2021,1,5,10,NA,FALSE,12.12,1.4,1.7,Light,3,18854
661Roey031-N5-11_S31_L001,661Roey031-N5-11_S31_L001,661Roey031-N5-11_S31_L001_R1_001_noPrimers.fastq.gz,19698,18528,18297,11053,11028,11014,Na_3,Natural,Unlabelled,96,17/02/2021,1,06/05/2021,1,5,11,NA,FALSE,9.13,1.4,1.68,Light,3,10986
Angel125-TG5-2_S125_L001,Angel125-TG5-2_S125_L001,Angel125-TG5-2_S125_L001_R1_001_noPrimers.fastq.gz,24710,24334,23987,23586,23570,23357,Na_3,Natural,Labelled,96,29/11/2020,1,06/05/2021,1,5,2,NA,FALSE,24.9,1.41,1.78,Heavy,3,23318
Angel126-TG5-3_S126_L001,Angel126-TG5-3_S126_L001,Angel126-TG5-3_S126_L001_R1_001_noPrimers.fastq.gz,24349,24002,23744,23288,23288,23220,Na_3,Natural,Labelled,96,29/11/2020,1,06/05/2021,1,5,3,NA,FALSE,4.41,1.41,1.77,Heavy,3,22966
Angel127-TG5-4_S127_L001,Angel127-TG5-4_S127_L001,Angel127-TG5-4_S127_L001_R1_001_noPrimers.fastq.gz,23528,23082,22763,22223,22223,22031,Na_3,Natural,Labelled,96,29/11/2020,1,06/05/2021,1,5,4,NA,FALSE,12.59,1.41,1.75,Heavy,3,21850
Angel128-TG5-5_S128_L001,Angel128-TG5-5_S128_L001,Angel128-TG5-5_S128_L001_R1_001_noPrimers.fastq.gz,32757,32159,31600,30460,30443,30146,Na_3,Natural,Labelled,96,29/11/2020,1,06/05/2021,1,5,5,NA,FALSE,9.32,1.4,1.75,Heavy,3,29915
Angel129-TG5-6_S129_L001,Angel129-TG5-6_S129_L001,Angel129-TG5-6_S129_L001_R1_001_noPrimers.fastq.gz,68305,67028,66072,64380,64201,62679,Na_3,Natural,Labelled,96,29/11/2020,1,06/05/2021,1,5,6,NA,FALSE,10.44,1.4,1.73,Heavy,3,61975
Angel130-TG5-7_S130_L001,Angel130-TG5-7_S130_L001,Angel130-TG5-7_S130_L001_R1_001_noPrimers.fastq.gz,31361,30710,30331,29498,29092,28090,Na_3,Natural,Labelled,96,29/11/2020,1,06/05/2021,1,5,7,NA,FALSE,50.46,1.4,1.73,Light,3,27780
Angel131-TG5-8_S131_L001,Angel131-TG5-8_S131_L001,Angel131-TG5-8_S131_L001_R1_001_noPrimers.fastq.gz,27126,26620,26283,25675,25675,25602,Na_3,Natural,Labelled,96,29/11/2020,1,06/05/2021,1,5,8,NA,FALSE,38.79,1.4,1.71,Light,3,25396
Angel132-TG5-9_S132_L001,Angel132-TG5-9_S132_L001,Angel132-TG5-9_S132_L001_R1_001_noPrimers.fastq.gz,28269,27726,27279,26625,26625,26256,Na_3,Natural,Labelled,96,29/11/2020,1,06/05/2021,1,5,9,NA,FALSE,81.24,1.4,1.71,Light,3,26285
Angel133-TG5-10_S133_L001,Angel133-TG5-10_S133_L001,Angel133-TG5-10_S133_L001_R1_001_noPrimers.fastq.gz,37881,37222,36750,35604,35377,34648,Na_3,Natural,Labelled,96,29/11/2020,1,06/05/2021,1,5,10,NA,FALSE,12.12,1.4,1.7,Light,3,34686
Angel134-TG5-11_S134_L001,Angel134-TG5-11_S134_L001,Angel134-TG5-11_S134_L001_R1_001_noPrimers.fastq.gz,25347,24941,24537,24149,23983,23731,Na_3,Natural,Labelled,96,29/11/2020,1,06/05/2021,1,5,11,NA,FALSE,9.13,1.4,1.68,Light,3,23611
661Roey032-N7-2_S32_L001,661Roey032-N7-2_S32_L001,661Roey032-N7-2_S32_L001_R1_001_noPrimers.fastq.gz,27780,27264,26991,26380,25563,25417,Na_4,Natural,Unlabelled,96,17/02/2021,1,06/05/2021,1,7,2,NA,FALSE,11.54,1.41,1.78,Heavy,4,25144
661Roey033-N7-3_S33_L001,661Roey033-N7-3_S33_L001,661Roey033-N7-3_S33_L001_R1_001_noPrimers.fastq.gz,16231,15991,15867,15674,15666,15657,Na_4,Natural,Unlabelled,96,17/02/2021,1,06/05/2021,1,7,3,NA,FALSE,1,1.41,1.77,Heavy,4,15529
661Roey034-N7-4_S34_L001,661Roey034-N7-4_S34_L001,661Roey034-N7-4_S34_L001_R1_001_noPrimers.fastq.gz,23337,23025,22880,22422,22422,22375,Na_4,Natural,Unlabelled,96,17/02/2021,1,06/05/2021,1,7,4,NA,FALSE,2.37,1.41,1.76,Heavy,4,22172
661Roey035-N7-5_S35_L001,661Roey035-N7-5_S35_L001,661Roey035-N7-5_S35_L001_R1_001_noPrimers.fastq.gz,25704,25218,25004,23569,23569,23358,Na_4,Natural,Unlabelled,96,17/02/2021,1,06/05/2021,1,7,5,NA,FALSE,8.98,1.41,1.75,Heavy,4,23197
661Roey036-N7-6_S36_L001,661Roey036-N7-6_S36_L001,661Roey036-N7-6_S36_L001_R1_001_noPrimers.fastq.gz,19237,18980,18922,18704,18456,18408,Na_4,Natural,Unlabelled,96,17/02/2021,1,06/05/2021,1,7,6,NA,FALSE,200.65,1.4,1.74,Heavy,4,18262
661Roey037-N7-7_S37_L001,661Roey037-N7-7_S37_L001,661Roey037-N7-7_S37_L001_R1_001_noPrimers.fastq.gz,23245,22946,22855,22661,22661,22619,Na_4,Natural,Unlabelled,96,17/02/2021,1,06/05/2021,1,7,7,NA,FALSE,20.82,1.4,1.73,Light,4,22415
661Roey038-N7-8_S38_L001,661Roey038-N7-8_S38_L001,661Roey038-N7-8_S38_L001_R1_001_noPrimers.fastq.gz,25951,25482,25307,24496,23786,23750,Na_4,Natural,Unlabelled,96,17/02/2021,1,06/05/2021,1,7,8,NA,FALSE,67.69,1.4,1.73,Light,4,23532
661Roey039-N7-9_S39_L001,661Roey039-N7-9_S39_L001,661Roey039-N7-9_S39_L001_R1_001_noPrimers.fastq.gz,23082,21775,21452,13056,13056,12875,Na_4,Natural,Unlabelled,96,17/02/2021,1,06/05/2021,1,7,9,NA,FALSE,47.94,1.4,1.71,Light,4,12797
661Roey040-N7-10_S40_L001,661Roey040-N7-10_S40_L001,661Roey040-N7-10_S40_L001_R1_001_noPrimers.fastq.gz,29421,28874,28336,27707,27690,27495,Na_4,Natural,Unlabelled,96,17/02/2021,1,06/05/2021,1,7,10,NA,FALSE,51.42,1.4,1.71,Light,4,27396
661Roey041-N7-11_S41_L001,661Roey041-N7-11_S41_L001,661Roey041-N7-11_S41_L001_R1_001_noPrimers.fastq.gz,10053,9932,9851,9792,9792,9738,Na_4,Natural,Unlabelled,96,17/02/2021,1,06/05/2021,1,7,11,NA,FALSE,22.48,1.4,1.69,Light,4,9675
661Roey073-NTC-N7-17_S73_L001,661Roey073-NTC-N7-17_S73_L001,661Roey073-NTC-N7-17_S73_L001_R1_001_noPrimers.fastq.gz,20676,19044,18957,8433,7921,7916,Na_4,Restored,NA,NA,NA,NA,06/05/2021,1,NA,NA,NA,TRUE,1,NA,NA,NA,NA,7833
Angel135-TG7-2_S135_L001,Angel135-TG7-2_S135_L001,Angel135-TG7-2_S135_L001_R1_001_noPrimers.fastq.gz,24069,22554,22201,13926,13647,12268,Na_4,Natural,Labelled,96,29/11/2020,1,06/05/2021,1,7,2,NA,FALSE,11.54,1.41,1.78,Heavy,4,12138
Angel136-TG7-3_S136_L001,Angel136-TG7-3_S136_L001,Angel136-TG7-3_S136_L001_R1_001_noPrimers.fastq.gz,17723,16554,16408,7475,7475,7467,Na_4,Natural,Labelled,96,29/11/2020,1,06/05/2021,1,7,3,NA,FALSE,1,1.41,1.77,Heavy,4,7622
Angel137-TG7-4_S137_L001,Angel137-TG7-4_S137_L001,Angel137-TG7-4_S137_L001_R1_001_noPrimers.fastq.gz,16925,15725,15640,6480,5598,5597,Na_4,Natural,Labelled,96,29/11/2020,1,06/05/2021,1,7,4,NA,FALSE,2.37,1.41,1.76,Heavy,4,5563
Angel138-TG7-5_S138_L001,Angel138-TG7-5_S138_L001,Angel138-TG7-5_S138_L001_R1_001_noPrimers.fastq.gz,21082,19261,19084,7652,7652,7652,Na_4,Natural,Labelled,96,29/11/2020,1,06/05/2021,1,7,5,NA,FALSE,8.98,1.41,1.75,Heavy,4,7546
Angel139-TG7-6_S139_L001,Angel139-TG7-6_S139_L001,Angel139-TG7-6_S139_L001_R1_001_noPrimers.fastq.gz,24559,23315,23061,14722,14722,14653,Na_4,Natural,Labelled,96,29/11/2020,1,06/05/2021,1,7,6,NA,FALSE,200.65,1.4,1.74,Heavy,4,14506
Angel140-TG7-7_S140_L001,Angel140-TG7-7_S140_L001,Angel140-TG7-7_S140_L001_R1_001_noPrimers.fastq.gz,22124,20951,20751,14045,14045,13981,Na_4,Natural,Labelled,96,29/11/2020,1,06/05/2021,1,7,7,NA,FALSE,20.82,1.4,1.73,Light,4,13732
Angel141-TG7-8_S141_L001,Angel141-TG7-8_S141_L001,Angel141-TG7-8_S141_L001_R1_001_noPrimers.fastq.gz,21210,20106,19937,11900,11736,10849,Na_4,Natural,Labelled,96,29/11/2020,1,06/05/2021,1,7,8,NA,FALSE,67.69,1.4,1.73,Light,4,10638
Angel142-TG7-9_S142_L001,Angel142-TG7-9_S142_L001,Angel142-TG7-9_S142_L001_R1_001_noPrimers.fastq.gz,75152,71091,70200,43403,42896,41527,Na_4,Natural,Labelled,96,29/11/2020,1,06/05/2021,1,7,9,NA,FALSE,47.94,1.4,1.71,Light,4,41156
Angel143-TG7-10_S143_L001,Angel143-TG7-10_S143_L001,Angel143-TG7-10_S143_L001_R1_001_noPrimers.fastq.gz,28918,27366,27024,18292,17718,16550,Na_4,Natural,Labelled,96,29/11/2020,1,06/05/2021,1,7,10,NA,FALSE,51.42,1.4,1.71,Light,4,16478
Angel144-TG7-11_S144_L001,Angel144-TG7-11_S144_L001,Angel144-TG7-11_S144_L001_R1_001_noPrimers.fastq.gz,30251,28684,28239,18988,18948,17957,Na_4,Natural,Labelled,96,29/11/2020,1,06/05/2021,1,7,11,NA,FALSE,22.48,1.4,1.69,Light,4,17689
Roey205-NTC-TG1-5_S205_L001,Roey205-NTC-TG1-5_S205_L001,Roey205-NTC-TG1-5_S205_L001_R1_001_noPrimers.fastq.gz,22221,21770,21516,21129,21129,20923,Na_4,Natural,NA,NA,NA,NA,06/05/2021,1,NA,NA,NA,TRUE,1,NA,NA,NA,NA,20709
661Roey042-N9-2_S42_L001,661Roey042-N9-2_S42_L001,661Roey042-N9-2_S42_L001_R1_001_noPrimers.fastq.gz,21434,21127,20940,20722,20722,18564,Na_7,Natural,Unlabelled,96,17/02/2021,1,06/05/2021,1,9,2,NA,FALSE,1,1.41,1.78,Heavy,5,18449
661Roey043-N9-3_S43_L001,661Roey043-N9-3_S43_L001,661Roey043-N9-3_S43_L001_R1_001_noPrimers.fastq.gz,23943,23622,23493,23243,23243,22911,Na_7,Natural,Unlabelled,96,17/02/2021,1,06/05/2021,1,9,3,NA,FALSE,7.78,1.41,1.76,Heavy,5,22678
661Roey044-N9-4_S44_L001,661Roey044-N9-4_S44_L001,661Roey044-N9-4_S44_L001_R1_001_noPrimers.fastq.gz,22450,22065,21939,21095,21095,21018,Na_7,Natural,Unlabelled,96,17/02/2021,1,06/05/2021,1,9,4,NA,FALSE,4.55,1.41,1.76,Heavy,5,20578
661Roey045-N9-5_S45_L001,661Roey045-N9-5_S45_L001,661Roey045-N9-5_S45_L001_R1_001_noPrimers.fastq.gz,24863,24455,24239,23962,23949,23862,Na_7,Natural,Unlabelled,96,17/02/2021,1,06/05/2021,1,9,5,NA,FALSE,1.44,1.4,1.75,Heavy,5,23720
661Roey046-N9-6_S46_L001,661Roey046-N9-6_S46_L001,661Roey046-N9-6_S46_L001_R1_001_noPrimers.fastq.gz,26427,26097,25961,25751,25718,25652,Na_7,Natural,Unlabelled,96,17/02/2021,1,06/05/2021,1,9,6,NA,FALSE,10.07,1.4,1.74,Heavy,5,25406
661Roey047-N9-7_S47_L001,661Roey047-N9-7_S47_L001,661Roey047-N9-7_S47_L001_R1_001_noPrimers.fastq.gz,22820,21713,21633,9287,9157,9083,Na_7,Natural,Unlabelled,96,17/02/2021,1,06/05/2021,1,9,7,NA,FALSE,3.4,1.4,1.73,Light,5,8899
661Roey048-N9-8_S48_L001,661Roey048-N9-8_S48_L001,661Roey048-N9-8_S48_L001_R1_001_noPrimers.fastq.gz,26601,26252,26093,25708,25643,24178,Na_7,Natural,Unlabelled,96,17/02/2021,1,06/05/2021,1,9,8,NA,FALSE,4.19,1.4,1.72,Light,5,24054
661Roey049-N9-9_S49_L001,661Roey049-N9-9_S49_L001,661Roey049-N9-9_S49_L001_R1_001_noPrimers.fastq.gz,23651,23244,22940,22387,22387,22196,Na_7,Natural,Unlabelled,96,17/02/2021,1,06/05/2021,1,9,9,NA,FALSE,9.48,1.4,1.7,Light,5,22029
661Roey050-N9-10_S50_L001,661Roey050-N9-10_S50_L001,661Roey050-N9-10_S50_L001_R1_001_noPrimers.fastq.gz,26314,25924,25677,24905,24905,24757,Na_7,Natural,Unlabelled,96,17/02/2021,1,06/05/2021,1,9,10,NA,FALSE,27.33,1.4,1.69,Light,5,24534
661Roey051-N9-11_S51_L001,661Roey051-N9-11_S51_L001,661Roey051-N9-11_S51_L001_R1_001_noPrimers.fastq.gz,26457,26063,25844,25056,25044,24859,Na_7,Natural,Unlabelled,96,17/02/2021,1,06/05/2021,1,9,11,NA,FALSE,1,1.4,1.68,Light,5,24712
Angel145-TG9-2_S145_L001,Angel145-TG9-2_S145_L001,Angel145-TG9-2_S145_L001_R1_001_noPrimers.fastq.gz,36169,34114,33372,21917,21917,20998,Na_7,Natural,Labelled,96,29/11/2020,1,06/05/2021,1,9,2,NA,FALSE,1,1.41,1.78,Heavy,5,20795
Angel146-TG9-3_S146_L001,Angel146-TG9-3_S146_L001,Angel146-TG9-3_S146_L001_R1_001_noPrimers.fastq.gz,59778,57341,56224,41422,41420,39612,Na_7,Natural,Labelled,96,29/11/2020,1,06/05/2021,1,9,3,NA,FALSE,7.78,1.41,1.76,Heavy,5,40346
Angel147-TG9-4_S147_L001,Angel147-TG9-4_S147_L001,Angel147-TG9-4_S147_L001_R1_001_noPrimers.fastq.gz,24688,23339,23251,13622,13445,13399,Na_7,Natural,Labelled,96,29/11/2020,1,06/05/2021,1,9,4,NA,FALSE,4.55,1.41,1.76,Heavy,5,13356
Angel148-TG9-5_S148_L001,Angel148-TG9-5_S148_L001,Angel148-TG9-5_S148_L001_R1_001_noPrimers.fastq.gz,35852,34298,33796,22130,22130,21991,Na_7,Natural,Labelled,96,29/11/2020,1,06/05/2021,1,9,5,NA,FALSE,1.44,1.4,1.75,Heavy,5,21723
Angel149-TG9-6_S149_L001,Angel149-TG9-6_S149_L001,Angel149-TG9-6_S149_L001_R1_001_noPrimers.fastq.gz,25335,24140,24032,15822,15822,15700,Na_7,Natural,Labelled,96,29/11/2020,1,06/05/2021,1,9,6,NA,FALSE,10.07,1.4,1.74,Heavy,5,15652
Angel150-TG9-7_S150_L001,Angel150-TG9-7_S150_L001,Angel150-TG9-7_S150_L001_R1_001_noPrimers.fastq.gz,13251,11993,11896,3619,3329,3328,Na_7,Natural,Labelled,96,29/11/2020,1,06/05/2021,1,9,7,NA,FALSE,3.4,1.4,1.73,Light,5,3319
Angel151-TG9-8_S151_L001,Angel151-TG9-8_S151_L001,Angel151-TG9-8_S151_L001_R1_001_noPrimers.fastq.gz,19099,17493,17429,7361,7361,7294,Na_7,Natural,Labelled,96,29/11/2020,1,06/05/2021,1,9,8,NA,FALSE,4.19,1.4,1.72,Light,5,7318
Angel152-TG9-9_S152_L001,Angel152-TG9-9_S152_L001,Angel152-TG9-9_S152_L001_R1_001_noPrimers.fastq.gz,16717,15476,15397,5650,5650,5644,Na_7,Natural,Labelled,96,29/11/2020,1,06/05/2021,1,9,9,NA,FALSE,9.48,1.4,1.7,Light,5,5622
Angel153-TG9-10_S153_L001,Angel153-TG9-10_S153_L001,Angel153-TG9-10_S153_L001_R1_001_noPrimers.fastq.gz,18272,17205,17082,9389,9389,9372,Na_7,Natural,Labelled,96,29/11/2020,1,06/05/2021,1,9,10,NA,FALSE,27.33,1.4,1.69,Light,5,9358
Angel154-TG9-11_S154_L001,Angel154-TG9-11_S154_L001,Angel154-TG9-11_S154_L001_R1_001_noPrimers.fastq.gz,24597,23499,23237,14457,14457,14396,Na_7,Natural,Labelled,96,29/11/2020,1,06/05/2021,1,9,11,NA,FALSE,1,1.4,1.68,Light,5,14323
661Roey052-N11-2_S52_L001,661Roey052-N11-2_S52_L001,661Roey052-N11-2_S52_L001_R1_001_noPrimers.fastq.gz,21783,21444,21285,20658,20641,20622,Res_3,Restored,Unlabelled,96,17/02/2021,1,06/05/2021,1,11,2,NA,FALSE,13.52,1.41,1.77,Heavy,1,20465
661Roey053-N11-3_S53_L001,661Roey053-N11-3_S53_L001,661Roey053-N11-3_S53_L001_R1_001_noPrimers.fastq.gz,28333,27943,27809,27645,27486,27404,Res_3,Restored,Unlabelled,96,17/02/2021,1,06/05/2021,1,11,3,NA,FALSE,13.31,1.41,1.77,Heavy,1,27136
661Roey054-N11-4_S54_L001,661Roey054-N11-4_S54_L001,661Roey054-N11-4_S54_L001_R1_001_noPrimers.fastq.gz,23458,23134,22968,22635,22635,22596,Res_3,Restored,Unlabelled,96,17/02/2021,1,06/05/2021,1,11,4,NA,FALSE,30.8,1.41,1.76,Heavy,1,22363
661Roey055-N11-5_S55_L001,661Roey055-N11-5_S55_L001,661Roey055-N11-5_S55_L001_R1_001_noPrimers.fastq.gz,29150,28616,28161,27612,27220,26836,Res_3,Restored,Unlabelled,96,17/02/2021,1,06/05/2021,1,11,5,NA,FALSE,75.31,1.4,1.74,Heavy,1,26607
661Roey056-N11-6_S56_L001,661Roey056-N11-6_S56_L001,661Roey056-N11-6_S56_L001_R1_001_noPrimers.fastq.gz,27535,27073,26837,26426,26286,25493,Res_3,Restored,Unlabelled,96,17/02/2021,1,06/05/2021,1,11,6,NA,FALSE,97.1,1.4,1.73,Heavy,1,25369
661Roey057-N11-7_S57_L001,661Roey057-N11-7_S57_L001,661Roey057-N11-7_S57_L001_R1_001_noPrimers.fastq.gz,25011,24638,24386,23917,23917,23859,Res_3,Restored,Unlabelled,96,17/02/2021,1,06/05/2021,1,11,7,NA,FALSE,56.6,1.4,1.73,Light,1,23717
661Roey058-N11-8_S58_L001,661Roey058-N11-8_S58_L001,661Roey058-N11-8_S58_L001_R1_001_noPrimers.fastq.gz,26193,25673,25480,25137,24235,24227,Res_3,Restored,Unlabelled,96,17/02/2021,1,06/05/2021,1,11,8,NA,FALSE,63.06,1.4,1.72,Light,1,24006
661Roey059-N11-9_S59_L001,661Roey059-N11-9_S59_L001,661Roey059-N11-9_S59_L001_R1_001_noPrimers.fastq.gz,25523,24790,24394,23912,23912,23818,Res_3,Restored,Unlabelled,96,17/02/2021,1,06/05/2021,1,11,9,NA,FALSE,51.56,1.4,1.71,Light,1,23492
661Roey060-N11-10_S60_L001,661Roey060-N11-10_S60_L001,661Roey060-N11-10_S60_L001_R1_001_noPrimers.fastq.gz,135425,131975,130111,127262,127087,122719,Res_3,Restored,Unlabelled,96,17/02/2021,1,06/05/2021,1,11,10,NA,FALSE,15.9,1.4,1.7,Light,1,121233
661Roey061-N11-11_S61_L001,661Roey061-N11-11_S61_L001,661Roey061-N11-11_S61_L001_R1_001_noPrimers.fastq.gz,88137,85992,84758,83042,83042,80273,Res_3,Restored,Unlabelled,96,17/02/2021,1,06/05/2021,1,11,11,NA,FALSE,3.29,1.4,1.68,Light,1,79389
Roey155-TG11-2_S155_L001,Roey155-TG11-2_S155_L001,Roey155-TG11-2_S155_L001_R1_001_noPrimers.fastq.gz,20526,20098,20020,19506,19506,19243,Res_3,Restored,Labelled,96,29/11/2020,1,06/05/2021,1,11,2,NA,FALSE,13.52,1.41,1.77,Heavy,1,19091
Roey156-TG11-3_S156_L001,Roey156-TG11-3_S156_L001,Roey156-TG11-3_S156_L001_R1_001_noPrimers.fastq.gz,23514,23139,22887,22704,22704,22487,Res_3,Restored,Labelled,96,29/11/2020,1,06/05/2021,1,11,3,NA,FALSE,13.31,1.41,1.77,Heavy,1,22335
Roey157-TG11-4_S157_L001,Roey157-TG11-4_S157_L001,Roey157-TG11-4_S157_L001_R1_001_noPrimers.fastq.gz,28204,27645,27267,26938,26938,26928,Res_3,Restored,Labelled,96,29/11/2020,1,06/05/2021,1,11,4,NA,FALSE,30.8,1.41,1.76,Heavy,1,26773
Roey158-TG11-5_S158_L001,Roey158-TG11-5_S158_L001,Roey158-TG11-5_S158_L001_R1_001_noPrimers.fastq.gz,48893,47625,46688,45019,45019,44421,Res_3,Restored,Labelled,96,29/11/2020,1,06/05/2021,1,11,5,NA,FALSE,75.31,1.4,1.74,Heavy,1,44023
Roey159-TG11-6_S159_L001,Roey159-TG11-6_S159_L001,Roey159-TG11-6_S159_L001_R1_001_noPrimers.fastq.gz,56772,54901,53619,51346,51334,50638,Res_3,Restored,Labelled,96,29/11/2020,1,06/05/2021,1,11,6,NA,FALSE,97.1,1.4,1.73,Heavy,1,50117
Roey160-TG11-7_S160_L001,Roey160-TG11-7_S160_L001,Roey160-TG11-7_S160_L001_R1_001_noPrimers.fastq.gz,28759,27949,27385,26728,26728,26297,Res_3,Restored,Labelled,96,29/11/2020,1,06/05/2021,1,11,7,NA,FALSE,56.6,1.4,1.73,Light,1,26476
Roey161-TG11-8_S161_L001,Roey161-TG11-8_S161_L001,Roey161-TG11-8_S161_L001_R1_001_noPrimers.fastq.gz,56268,54796,53552,51477,51356,50053,Res_3,Restored,Labelled,96,29/11/2020,1,06/05/2021,1,11,8,NA,FALSE,63.06,1.4,1.72,Light,1,49181
Roey162-TG11-9_S162_L001,Roey162-TG11-9_S162_L001,Roey162-TG11-9_S162_L001_R1_001_noPrimers.fastq.gz,45195,44193,43377,42435,42398,41317,Res_3,Restored,Labelled,96,29/11/2020,1,06/05/2021,1,11,9,NA,FALSE,51.56,1.4,1.71,Light,1,40440
Roey163-TG11-10_S163_L001,Roey163-TG11-10_S163_L001,Roey163-TG11-10_S163_L001_R1_001_noPrimers.fastq.gz,49719,48320,47510,44914,44368,42806,Res_3,Restored,Labelled,96,29/11/2020,1,06/05/2021,1,11,10,NA,FALSE,15.9,1.4,1.7,Light,1,42253
Roey164-TG11-11_S164_L001,Roey164-TG11-11_S164_L001,Roey164-TG11-11_S164_L001_R1_001_noPrimers.fastq.gz,31780,31093,30608,29647,29384,28851,Res_3,Restored,Labelled,96,29/11/2020,1,06/05/2021,1,11,11,NA,FALSE,3.29,1.4,1.68,Light,1,28462
661Roey063-N13-2_S63_L001,661Roey063-N13-2_S63_L001,661Roey063-N13-2_S63_L001_R1_001_noPrimers.fastq.gz,26803,26405,26137,25347,25229,25168,Res_4,Restored,Unlabelled,96,17/02/2021,1,06/05/2021,1,13,2,NA,FALSE,21.11,1.41,1.78,Heavy,2,25025
661Roey064-N13-3_S64_L001,661Roey064-N13-3_S64_L001,661Roey064-N13-3_S64_L001_R1_001_noPrimers.fastq.gz,22380,21936,21742,21497,20948,20893,Res_4,Restored,Unlabelled,96,17/02/2021,1,06/05/2021,1,13,3,NA,FALSE,198.76,1.41,1.76,Heavy,2,20743
661Roey065-N13-4_S65_L001,661Roey065-N13-4_S65_L001,661Roey065-N13-4_S65_L001_R1_001_noPrimers.fastq.gz,27720,27208,26979,26455,24675,24547,Res_4,Restored,Unlabelled,96,17/02/2021,1,06/05/2021,1,13,4,NA,FALSE,5.3,1.41,1.75,Heavy,2,24354
661Roey066-N13-5_S66_L001,661Roey066-N13-5_S66_L001,661Roey066-N13-5_S66_L001_R1_001_noPrimers.fastq.gz,24378,24038,23855,23647,23647,23614,Res_4,Restored,Unlabelled,96,17/02/2021,1,06/05/2021,1,13,5,NA,FALSE,8.74,1.4,1.74,Heavy,2,23371
661Roey067-N13-6_S67_L001,661Roey067-N13-6_S67_L001,661Roey067-N13-6_S67_L001_R1_001_noPrimers.fastq.gz,29189,28736,28465,27870,27870,26369,Res_4,Restored,Unlabelled,96,17/02/2021,1,06/05/2021,1,13,6,NA,FALSE,8.81,1.4,1.73,Heavy,2,27593
661Roey068-N13-7_S68_L001,661Roey068-N13-7_S68_L001,661Roey068-N13-7_S68_L001_R1_001_noPrimers.fastq.gz,25630,25184,24982,24585,24585,24529,Res_4,Restored,Unlabelled,96,17/02/2021,1,06/05/2021,1,13,7,NA,FALSE,5.82,1.4,1.72,Light,2,23056
661Roey069-N13-8_S69_L001,661Roey069-N13-8_S69_L001,661Roey069-N13-8_S69_L001_R1_001_noPrimers.fastq.gz,36681,35758,35291,33903,33871,33793,Res_4,Restored,Unlabelled,96,17/02/2021,1,06/05/2021,1,13,8,NA,FALSE,33,1.4,1.71,Light,2,33362
661Roey070-N13-9_S70_L001,661Roey070-N13-9_S70_L001,661Roey070-N13-9_S70_L001_R1_001_noPrimers.fastq.gz,65603,63981,62662,60698,60698,60195,Res_4,Restored,Unlabelled,96,17/02/2021,1,06/05/2021,1,13,9,NA,FALSE,38.18,1.4,1.71,Light,2,59516
661Roey071-N13-10_S71_L001,661Roey071-N13-10_S71_L001,661Roey071-N13-10_S71_L001_R1_001_noPrimers.fastq.gz,37500,36641,36153,35478,35478,35156,Res_4,Restored,Unlabelled,96,17/02/2021,1,06/05/2021,1,13,10,NA,FALSE,11.28,1.4,1.69,Light,2,34733
661Roey072-N13-11_S72_L001,661Roey072-N13-11_S72_L001,661Roey072-N13-11_S72_L001_R1_001_noPrimers.fastq.gz,23860,23434,23222,22878,22867,22809,Res_4,Restored,Unlabelled,96,17/02/2021,1,06/05/2021,1,13,11,NA,FALSE,1,1.4,1.69,Light,2,22582
Roey165-TG13-2_S165_L001,Roey165-TG13-2_S165_L001,Roey165-TG13-2_S165_L001_R1_001_noPrimers.fastq.gz,26124,25669,25278,24723,24316,24039,Res_4,Restored,Labelled,96,29/11/2020,1,06/05/2021,1,13,2,NA,FALSE,21.11,1.41,1.78,Heavy,2,23839
Roey166-TG13-3_S166_L001,Roey166-TG13-3_S166_L001,Roey166-TG13-3_S166_L001_R1_001_noPrimers.fastq.gz,22844,22460,22176,21429,21094,21052,Res_4,Restored,Labelled,96,29/11/2020,1,06/05/2021,1,13,3,NA,FALSE,198.76,1.41,1.76,Heavy,2,20950
Roey167-TG13-4_S167_L001,Roey167-TG13-4_S167_L001,Roey167-TG13-4_S167_L001_R1_001_noPrimers.fastq.gz,24581,24190,24094,23238,23238,23078,Res_4,Restored,Labelled,96,29/11/2020,1,06/05/2021,1,13,4,NA,FALSE,5.3,1.41,1.75,Heavy,2,22904
Roey168-TG13-5_S168_L001,Roey168-TG13-5_S168_L001,Roey168-TG13-5_S168_L001_R1_001_noPrimers.fastq.gz,21850,21420,21257,19671,19671,19645,Res_4,Restored,Labelled,96,29/11/2020,1,06/05/2021,1,13,5,NA,FALSE,8.74,1.4,1.74,Heavy,2,19587
Roey169-TG13-6_S169_L001,Roey169-TG13-6_S169_L001,Roey169-TG13-6_S169_L001_R1_001_noPrimers.fastq.gz,24364,23926,23764,23521,22728,22489,Res_4,Restored,Labelled,96,29/11/2020,1,06/05/2021,1,13,6,NA,FALSE,8.81,1.4,1.73,Heavy,2,22325
Roey170-TG13-7_S170_L001,Roey170-TG13-7_S170_L001,Roey170-TG13-7_S170_L001_R1_001_noPrimers.fastq.gz,23674,23297,23011,22486,22486,22006,Res_4,Restored,Labelled,96,29/11/2020,1,06/05/2021,1,13,7,NA,FALSE,5.82,1.4,1.72,Light,2,21792
Roey171-TG13-8_S171_L001,Roey171-TG13-8_S171_L001,Roey171-TG13-8_S171_L001_R1_001_noPrimers.fastq.gz,24584,24201,24026,23690,23389,23280,Res_4,Restored,Labelled,96,29/11/2020,1,06/05/2021,1,13,8,NA,FALSE,33,1.4,1.71,Light,2,23092
Roey172-TG13-9_S172_L001,Roey172-TG13-9_S172_L001,Roey172-TG13-9_S172_L001_R1_001_noPrimers.fastq.gz,29316,28632,27979,26953,26942,26671,Res_4,Restored,Labelled,96,29/11/2020,1,06/05/2021,1,13,9,NA,FALSE,38.18,1.4,1.71,Light,2,26407
Roey173-TG13-10_S173_L001,Roey173-TG13-10_S173_L001,Roey173-TG13-10_S173_L001_R1_001_noPrimers.fastq.gz,31994,31062,30725,30507,30507,30185,Res_4,Restored,Labelled,96,29/11/2020,1,06/05/2021,1,13,10,NA,FALSE,11.28,1.4,1.69,Light,2,29815
Roey174-TG13-11_S174_L001,Roey174-TG13-11_S174_L001,Roey174-TG13-11_S174_L001_R1_001_noPrimers.fastq.gz,22855,22549,22265,22007,22007,21987,Res_4,Restored,Labelled,96,29/11/2020,1,06/05/2021,1,13,11,NA,FALSE,1,1.4,1.69,Light,2,21860
Roey217-NTC-TG13-17_S217_L001,Roey217-NTC-TG13-17_S217_L001,Roey217-NTC-TG13-17_S217_L001_R1_001_noPrimers.fastq.gz,20949,20597,20474,20243,20243,20133,Res_4,Restored,NA,NA,NA,NA,06/05/2021,1,NA,NA,NA,TRUE,1,NA,NA,NA,NA,20008
661Roey074-N15-2_S74_L001,661Roey074-N15-2_S74_L001,661Roey074-N15-2_S74_L001_R1_001_noPrimers.fastq.gz,10268,10123,10044,9942,9907,9904,Res_5,Restored,Unlabelled,96,29/11/2020,1,06/05/2021,1,15,2,NA,FALSE,7.45,1.41,1.78,Heavy,3,9804
661Roey075-N15-3_S75_L001,661Roey075-N15-3_S75_L001,661Roey075-N15-3_S75_L001_R1_001_noPrimers.fastq.gz,12555,12378,12305,12137,12137,12125,Res_5,Restored,Unlabelled,96,29/11/2020,1,06/05/2021,1,15,3,NA,FALSE,15.6,1.41,1.77,Heavy,3,12081
661Roey076-N15-4_S76_L001,661Roey076-N15-4_S76_L001,661Roey076-N15-4_S76_L001_R1_001_noPrimers.fastq.gz,14755,14658,14603,14370,13543,13532,Res_5,Restored,Unlabelled,96,29/11/2020,1,06/05/2021,1,15,4,NA,FALSE,154.07,1.41,1.76,Heavy,3,13392
661Roey077-N15-5_S77_L001,661Roey077-N15-5_S77_L001,661Roey077-N15-5_S77_L001_R1_001_noPrimers.fastq.gz,22689,22313,21799,21219,21219,21086,Res_5,Restored,Unlabelled,96,29/11/2020,1,06/05/2021,1,15,5,NA,FALSE,8.14,1.4,1.74,Heavy,3,21017
661Roey078-N15-6_S78_L001,661Roey078-N15-6_S78_L001,661Roey078-N15-6_S78_L001_R1_001_noPrimers.fastq.gz,21628,21031,20913,12799,12799,11857,Res_5,Restored,Unlabelled,96,29/11/2020,1,06/05/2021,1,15,6,NA,FALSE,5.47,1.4,1.74,Heavy,3,11783
661Roey079-N15-7_S79_L001,661Roey079-N15-7_S79_L001,661Roey079-N15-7_S79_L001_R1_001_noPrimers.fastq.gz,20950,19462,19309,10062,10062,9694,Res_5,Restored,Unlabelled,96,29/11/2020,1,06/05/2021,1,15,7,NA,FALSE,143.06,1.4,1.73,Light,3,9466
661Roey080-N15-8_S80_L001,661Roey080-N15-8_S80_L001,661Roey080-N15-8_S80_L001_R1_001_noPrimers.fastq.gz,26576,26170,25847,25121,25121,24908,Res_5,Restored,Unlabelled,96,29/11/2020,1,06/05/2021,1,15,8,NA,FALSE,106.04,1.4,1.72,Light,3,24675
661Roey081-N15-9_S81_L001,661Roey081-N15-9_S81_L001,661Roey081-N15-9_S81_L001_R1_001_noPrimers.fastq.gz,31491,30943,30423,29807,29733,29600,Res_5,Restored,Unlabelled,96,29/11/2020,1,06/05/2021,1,15,9,NA,FALSE,112.25,1.4,1.71,Light,3,29174
661Roey082-N15-10_S82_L001,661Roey082-N15-10_S82_L001,661Roey082-N15-10_S82_L001_R1_001_noPrimers.fastq.gz,107409,105361,103501,101452,101452,97777,Res_5,Restored,Unlabelled,96,29/11/2020,1,06/05/2021,1,15,10,NA,FALSE,32.96,1.4,1.7,Light,3,96153
661Roey083-N15-11_S83_L001,661Roey083-N15-11_S83_L001,661Roey083-N15-11_S83_L001_R1_001_noPrimers.fastq.gz,93766,91884,89956,87579,87576,85486,Res_5,Restored,Unlabelled,96,29/11/2020,1,06/05/2021,1,15,11,NA,FALSE,20.19,1.4,1.68,Light,3,83963
Roey175-TG15-2_S175_L001,Roey175-TG15-2_S175_L001,Roey175-TG15-2_S175_L001_R1_001_noPrimers.fastq.gz,24409,24012,23803,23208,23208,12685,Res_5,Restored,Labelled,96,29/11/2020,1,06/05/2021,1,15,2,NA,FALSE,7.45,1.41,1.78,Heavy,3,12676
Roey176-TG15-3_S176_L001,Roey176-TG15-3_S176_L001,Roey176-TG15-3_S176_L001_R1_001_noPrimers.fastq.gz,22642,22309,22073,21671,21650,21418,Res_5,Restored,Labelled,96,29/11/2020,1,06/05/2021,1,15,3,NA,FALSE,15.6,1.41,1.77,Heavy,3,21495
Roey177-TG15-4_S177_L001,Roey177-TG15-4_S177_L001,Roey177-TG15-4_S177_L001_R1_001_noPrimers.fastq.gz,31487,31063,30845,30500,30500,30063,Res_5,Restored,Labelled,96,29/11/2020,1,06/05/2021,1,15,4,NA,FALSE,154.07,1.41,1.76,Heavy,3,29690
Roey178-TG15-5_S178_L001,Roey178-TG15-5_S178_L001,Roey178-TG15-5_S178_L001_R1_001_noPrimers.fastq.gz,21078,20818,20724,20505,20505,20488,Res_5,Restored,Labelled,96,29/11/2020,1,06/05/2021,1,15,5,NA,FALSE,8.14,1.4,1.74,Heavy,3,20244
Roey179-TG15-6_S179_L001,Roey179-TG15-6_S179_L001,Roey179-TG15-6_S179_L001_R1_001_noPrimers.fastq.gz,55091,53649,52523,51307,51307,50402,Res_5,Restored,Labelled,96,29/11/2020,1,06/05/2021,1,15,6,NA,FALSE,5.47,1.4,1.74,Heavy,3,49857
Roey180-TG15-7_S180_L001,Roey180-TG15-7_S180_L001,Roey180-TG15-7_S180_L001_R1_001_noPrimers.fastq.gz,82879,80879,78451,73533,73446,68471,Res_5,Restored,Labelled,96,29/11/2020,1,06/05/2021,1,15,7,NA,FALSE,143.06,1.4,1.73,Light,3,66776
Roey181-TG15-8_S181_L001,Roey181-TG15-8_S181_L001,Roey181-TG15-8_S181_L001_R1_001_noPrimers.fastq.gz,96617,94832,93287,91026,89227,86688,Res_5,Restored,Labelled,96,29/11/2020,1,06/05/2021,1,15,8,NA,FALSE,106.04,1.4,1.72,Light,3,85365
Roey182-TG15-9_S182_L001,Roey182-TG15-9_S182_L001,Roey182-TG15-9_S182_L001_R1_001_noPrimers.fastq.gz,55615,54320,53106,51627,50772,49800,Res_5,Restored,Labelled,96,29/11/2020,1,06/05/2021,1,15,9,NA,FALSE,112.25,1.4,1.71,Light,3,48728
Roey183-TG15-10_S183_L001,Roey183-TG15-10_S183_L001,Roey183-TG15-10_S183_L001_R1_001_noPrimers.fastq.gz,53335,52246,51188,49693,49498,48323,Res_5,Restored,Labelled,96,29/11/2020,1,06/05/2021,1,15,10,NA,FALSE,32.96,1.4,1.7,Light,3,47411
Roey184-TG15-11_S184_L001,Roey184-TG15-11_S184_L001,Roey184-TG15-11_S184_L001_R1_001_noPrimers.fastq.gz,25585,25161,24870,24502,24189,23873,Res_5,Restored,Labelled,96,29/11/2020,1,06/05/2021,1,15,11,NA,FALSE,20.19,1.4,1.68,Light,3,23538
Angel085-N17-2_S85_L001,Angel085-N17-2_S85_L001,Angel085-N17-2_S85_L001_R1_001_noPrimers.fastq.gz,20393,19883,19745,15691,15691,15647,Res_7,Restored,Unlabelled,96,29/11/2020,1,06/05/2021,1,17,2,NA,FALSE,3.99,1.41,1.78,Heavy,4,15440
Angel086-N17-3_S86_L001,Angel086-N17-3_S86_L001,Angel086-N17-3_S86_L001_R1_001_noPrimers.fastq.gz,25393,24941,24730,23367,23367,23054,Res_7,Restored,Unlabelled,96,29/11/2020,1,06/05/2021,1,17,3,NA,FALSE,6.33,1.41,1.77,Heavy,4,22844
Angel087-N17-4_S87_L001,Angel087-N17-4_S87_L001,Angel087-N17-4_S87_L001_R1_001_noPrimers.fastq.gz,28607,27893,27580,25433,25433,25365,Res_7,Restored,Unlabelled,96,29/11/2020,1,06/05/2021,1,17,4,NA,FALSE,17.48,1.41,1.75,Heavy,4,24959
Angel088-N17-5_S88_L001,Angel088-N17-5_S88_L001,Angel088-N17-5_S88_L001_R1_001_noPrimers.fastq.gz,26837,26319,25935,25395,25395,25070,Res_7,Restored,Unlabelled,96,29/11/2020,1,06/05/2021,1,17,5,NA,FALSE,37.8,1.4,1.75,Heavy,4,24703
Angel089-N17-6_S89_L001,Angel089-N17-6_S89_L001,Angel089-N17-6_S89_L001_R1_001_noPrimers.fastq.gz,29896,29143,27889,27203,26005,25885,Res_7,Restored,Unlabelled,96,29/11/2020,1,06/05/2021,1,17,6,NA,FALSE,65.14,1.4,1.74,Heavy,4,25701
Angel090-N17-7_S90_L001,Angel090-N17-7_S90_L001,Angel090-N17-7_S90_L001_R1_001_noPrimers.fastq.gz,28721,28150,27508,26959,26746,26542,Res_7,Restored,Unlabelled,96,29/11/2020,1,06/05/2021,1,17,7,NA,FALSE,68.65,1.4,1.73,Light,4,26262
Angel091-N17-8_S91_L001,Angel091-N17-8_S91_L001,Angel091-N17-8_S91_L001_R1_001_noPrimers.fastq.gz,28666,28103,27659,26926,26843,26799,Res_7,Restored,Unlabelled,96,29/11/2020,1,06/05/2021,1,17,8,NA,FALSE,98.67,1.4,1.72,Light,4,26549
Angel092-N17-9_S92_L001,Angel092-N17-9_S92_L001,Angel092-N17-9_S92_L001_R1_001_noPrimers.fastq.gz,102902,101056,99387,97244,96765,94319,Res_7,Restored,Unlabelled,96,29/11/2020,1,06/05/2021,1,17,9,NA,FALSE,145.42,1.4,1.71,Light,4,92797
Angel093-N17-10_S93_L001,Angel093-N17-10_S93_L001,Angel093-N17-10_S93_L001_R1_001_noPrimers.fastq.gz,241646,237077,233186,225978,225596,210902,Res_7,Restored,Unlabelled,96,29/11/2020,1,06/05/2021,1,17,10,NA,FALSE,66.08,1.4,1.69,Light,4,208057
Angel094-N17-11_S94_L001,Angel094-N17-11_S94_L001,Angel094-N17-11_S94_L001_R1_001_noPrimers.fastq.gz,223544,218712,213544,201382,200108,176807,Res_7,Restored,Unlabelled,96,29/11/2020,1,06/05/2021,1,17,11,NA,FALSE,36.02,1.4,1.69,Light,4,175366
Roey185-TG17-2_S185_L001,Roey185-TG17-2_S185_L001,Roey185-TG17-2_S185_L001_R1_001_noPrimers.fastq.gz,23455,23130,22979,22300,22300,22211,Res_7,Restored,Labelled,96,29/11/2020,1,06/05/2021,1,17,2,NA,FALSE,3.99,1.41,1.78,Heavy,4,22037
Roey186-TG17-3_S186_L001,Roey186-TG17-3_S186_L001,Roey186-TG17-3_S186_L001_R1_001_noPrimers.fastq.gz,21743,21441,21338,21122,21122,21057,Res_7,Restored,Labelled,96,29/11/2020,1,06/05/2021,1,17,3,NA,FALSE,6.33,1.41,1.77,Heavy,4,20797
Roey187-TG17-4_S187_L001,Roey187-TG17-4_S187_L001,Roey187-TG17-4_S187_L001_R1_001_noPrimers.fastq.gz,21012,20770,20651,20458,20458,20450,Res_7,Restored,Labelled,96,29/11/2020,1,06/05/2021,1,17,4,NA,FALSE,17.48,1.41,1.75,Heavy,4,20307
Roey188-TG17-5_S188_L001,Roey188-TG17-5_S188_L001,Roey188-TG17-5_S188_L001_R1_001_noPrimers.fastq.gz,24528,24146,23826,23465,23465,22628,Res_7,Restored,Labelled,96,29/11/2020,1,06/05/2021,1,17,5,NA,FALSE,37.8,1.4,1.75,Heavy,4,22271
Roey189-TG17-6_S189_L001,Roey189-TG17-6_S189_L001,Roey189-TG17-6_S189_L001_R1_001_noPrimers.fastq.gz,49218,48010,46715,45569,45569,45130,Res_7,Restored,Labelled,96,29/11/2020,1,06/05/2021,1,17,6,NA,FALSE,65.14,1.4,1.74,Heavy,4,44781
Roey190-TG17-7_S190_L001,Roey190-TG17-7_S190_L001,Roey190-TG17-7_S190_L001_R1_001_noPrimers.fastq.gz,76519,74339,72494,69579,69546,68334,Res_7,Restored,Labelled,96,29/11/2020,1,06/05/2021,1,17,7,NA,FALSE,68.65,1.4,1.73,Light,4,67007
Roey191-TG17-8_S191_L001,Roey191-TG17-8_S191_L001,Roey191-TG17-8_S191_L001_R1_001_noPrimers.fastq.gz,55536,54099,52789,51367,51367,50934,Res_7,Restored,Labelled,96,29/11/2020,1,06/05/2021,1,17,8,NA,FALSE,98.67,1.4,1.72,Light,4,50101
Roey192-TG17-9_S192_L001,Roey192-TG17-9_S192_L001,Roey192-TG17-9_S192_L001_R1_001_noPrimers.fastq.gz,56566,55486,54486,52952,52592,51370,Res_7,Restored,Labelled,96,29/11/2020,1,06/05/2021,1,17,9,NA,FALSE,145.42,1.4,1.71,Light,4,50432
Roey193-TG17-10_S193_L001,Roey193-TG17-10_S193_L001,Roey193-TG17-10_S193_L001_R1_001_noPrimers.fastq.gz,70193,68697,67318,65508,65508,63308,Res_7,Restored,Labelled,96,29/11/2020,1,06/05/2021,1,17,10,NA,FALSE,66.08,1.4,1.69,Light,4,62174
Roey194-TG17-11_S194_L001,Roey194-TG17-11_S194_L001,Roey194-TG17-11_S194_L001_R1_001_noPrimers.fastq.gz,25632,25187,24830,24405,24405,24050,Res_7,Restored,Labelled,96,29/11/2020,1,06/05/2021,1,17,11,NA,FALSE,36.02,1.4,1.69,Light,4,23758
Angel095-N19-2_S95_L001,Angel095-N19-2_S95_L001,Angel095-N19-2_S95_L001_R1_001_noPrimers.fastq.gz,12677,12476,12292,12114,12114,12015,Res_8,Restored,Unlabelled,96,29/11/2020,1,06/05/2021,1,19,2,NA,FALSE,6.46,1.41,1.78,Heavy,5,11945
Angel096-N19-3_S96_L001,Angel096-N19-3_S96_L001,Angel096-N19-3_S96_L001_R1_001_noPrimers.fastq.gz,21268,20923,20775,20532,19925,19905,Res_8,Restored,Unlabelled,96,29/11/2020,1,06/05/2021,1,19,3,NA,FALSE,19.69,1.41,1.77,Heavy,5,19757
Angel097-N19-4_S97_L001,Angel097-N19-4_S97_L001,Angel097-N19-4_S97_L001_R1_001_noPrimers.fastq.gz,12377,12131,12023,11907,11895,11852,Res_8,Restored,Unlabelled,96,29/11/2020,1,06/05/2021,1,19,4,NA,FALSE,10.89,1.41,1.76,Heavy,5,11773
Angel098-N19-5_S98_L001,Angel098-N19-5_S98_L001,Angel098-N19-5_S98_L001_R1_001_noPrimers.fastq.gz,8667,8527,8449,8233,8231,8171,Res_8,Restored,Unlabelled,96,29/11/2020,1,06/05/2021,1,19,5,NA,FALSE,26.61,1.4,1.75,Heavy,5,8107
Angel099-N19-6_S99_L001,Angel099-N19-6_S99_L001,Angel099-N19-6_S99_L001_R1_001_noPrimers.fastq.gz,15401,15134,15007,14853,14550,14533,Res_8,Restored,Unlabelled,96,29/11/2020,1,06/05/2021,1,19,6,NA,FALSE,43.56,1.4,1.74,Heavy,5,14392
Angel100-N19-7_S100_L001,Angel100-N19-7_S100_L001,Angel100-N19-7_S100_L001_R1_001_noPrimers.fastq.gz,17762,17258,17138,16846,16846,16837,Res_8,Restored,Unlabelled,96,29/11/2020,1,06/05/2021,1,19,7,NA,FALSE,186.31,1.4,1.73,Light,5,16689
Angel101-N19-8_S101_L001,Angel101-N19-8_S101_L001,Angel101-N19-8_S101_L001_R1_001_noPrimers.fastq.gz,20197,19842,19352,19127,19127,19125,Res_8,Restored,Unlabelled,96,29/11/2020,1,06/05/2021,1,19,8,NA,FALSE,269.54,1.4,1.72,Light,5,18952
Angel102-N19-9_S102_L001,Angel102-N19-9_S102_L001,Angel102-N19-9_S102_L001_R1_001_noPrimers.fastq.gz,25400,24927,24649,24341,24331,24066,Res_8,Restored,Unlabelled,96,29/11/2020,1,06/05/2021,1,19,9,NA,FALSE,670.1,1.4,1.71,Light,5,23864
Angel103-N19-10_S103_L001,Angel103-N19-10_S103_L001,Angel103-N19-10_S103_L001_R1_001_noPrimers.fastq.gz,24436,24071,23925,23368,23368,23349,Res_8,Restored,Unlabelled,96,29/11/2020,1,06/05/2021,1,19,10,NA,FALSE,748.57,1.4,1.7,Light,5,23137
Angel104-N19-11_S104_L001,Angel104-N19-11_S104_L001,Angel104-N19-11_S104_L001_R1_001_noPrimers.fastq.gz,18150,17885,17737,17575,17575,17574,Res_8,Restored,Unlabelled,96,29/11/2020,1,06/05/2021,1,19,11,NA,FALSE,89.46,1.4,1.68,Light,5,17442
Roey195-TG19-2_S195_L001,Roey195-TG19-2_S195_L001,Roey195-TG19-2_S195_L001_R1_001_noPrimers.fastq.gz,25748,25252,24981,24201,24201,24095,Res_8,Restored,Labelled,96,29/11/2020,1,06/05/2021,1,19,2,NA,FALSE,6.46,1.41,1.78,Heavy,5,23956
Roey196-TG19-3_S196_L001,Roey196-TG19-3_S196_L001,Roey196-TG19-3_S196_L001_R1_001_noPrimers.fastq.gz,25525,25067,24689,24341,24304,23437,Res_8,Restored,Labelled,96,29/11/2020,1,06/05/2021,1,19,3,NA,FALSE,19.69,1.41,1.77,Heavy,5,23275
Roey197-TG19-4_S197_L001,Roey197-TG19-4_S197_L001,Roey197-TG19-4_S197_L001_R1_001_noPrimers.fastq.gz,19906,19575,19332,19156,18981,18919,Res_8,Restored,Labelled,96,29/11/2020,1,06/05/2021,1,19,4,NA,FALSE,10.89,1.41,1.76,Heavy,5,18792
Roey198-TG19-5_S198_L001,Roey198-TG19-5_S198_L001,Roey198-TG19-5_S198_L001_R1_001_noPrimers.fastq.gz,32719,31928,31355,30370,30370,29234,Res_8,Restored,Labelled,96,29/11/2020,1,06/05/2021,1,19,5,NA,FALSE,26.61,1.4,1.75,Heavy,5,29501
Roey199-TG19-6_S199_L001,Roey199-TG19-6_S199_L001,Roey199-TG19-6_S199_L001_R1_001_noPrimers.fastq.gz,43426,42130,41278,39861,39861,39379,Res_8,Restored,Labelled,96,29/11/2020,1,06/05/2021,1,19,6,NA,FALSE,43.56,1.4,1.74,Heavy,5,39351
Roey200-TG19-7_S200_L001,Roey200-TG19-7_S200_L001,Roey200-TG19-7_S200_L001_R1_001_noPrimers.fastq.gz,46480,45177,44269,42624,42369,41920,Res_8,Restored,Labelled,96,29/11/2020,1,06/05/2021,1,19,7,NA,FALSE,186.31,1.4,1.73,Light,5,41513
Roey201-TG19-8_S201_L001,Roey201-TG19-8_S201_L001,Roey201-TG19-8_S201_L001_R1_001_noPrimers.fastq.gz,115611,113506,111888,109697,109697,106993,Res_8,Restored,Labelled,96,29/11/2020,1,06/05/2021,1,19,8,NA,FALSE,269.54,1.4,1.72,Light,5,105341
Roey202-TG19-9_S202_L001,Roey202-TG19-9_S202_L001,Roey202-TG19-9_S202_L001_R1_001_noPrimers.fastq.gz,218049,213697,209390,202880,202878,193066,Res_8,Restored,Labelled,96,29/11/2020,1,06/05/2021,1,19,9,NA,FALSE,670.1,1.4,1.71,Light,5,189486
Roey203-TG19-10_S203_L001,Roey203-TG19-10_S203_L001,Roey203-TG19-10_S203_L001_R1_001_noPrimers.fastq.gz,192908,189188,186255,182104,179234,174338,Res_8,Restored,Labelled,96,29/11/2020,1,06/05/2021,1,19,10,NA,FALSE,748.57,1.4,1.7,Light,5,170353
Roey204-TG19-11_S204_L001,Roey204-TG19-11_S204_L001,Roey204-TG19-11_S204_L001_R1_001_noPrimers.fastq.gz,25376,24882,24426,24049,23811,23739,Res_8,Restored,Labelled,96,29/11/2020,1,06/05/2021,1,19,11,NA,FALSE,89.46,1.4,1.68,Light,5,23506
Roey218-NTC-TG19-blank-extra_S218_L001,Roey218-NTC-TG19-blank-extra_S218_L001,Roey218-NTC-TG19-blank-extra_S218_L001_R1_001_noPrimers.fastq.gz,7409,7189,7121,6484,6484,6328,Res_8,Restored,NA,NA,NA,NA,06/05/2021,1,NA,NA,NA,TRUE,1,NA,NA,NA,NA,6215
