merged_sample_name	sample_name	Read1_file	input	filtered	denoised	merged	tabled	nonchim
661Roey001-N1-2_S1_L001	661Roey001-N1-2_S1_L001	661Roey001-N1-2_S1_L001_R1_001_noPrimers.fastq.gz	11637	11482	11418	11297	11297	10927
661Roey002-N1-3_S2_L001	661Roey002-N1-3_S2_L001	661Roey002-N1-3_S2_L001_R1_001_noPrimers.fastq.gz	26458	26047	25668	25163	25163	24917
661Roey003-N1-4_S3_L001	661Roey003-N1-4_S3_L001	661Roey003-N1-4_S3_L001_R1_001_noPrimers.fastq.gz	27580	27218	27015	26426	26401	25618
661Roey004-N1-5_S4_L001	661Roey004-N1-5_S4_L001	661Roey004-N1-5_S4_L001_R1_001_noPrimers.fastq.gz	24616	24281	24086	23696	23696	23520
661Roey005-N1-6_S5_L001	661Roey005-N1-6_S5_L001	661Roey005-N1-6_S5_L001_R1_001_noPrimers.fastq.gz	28701	28205	27771	27105	27105	26755
661Roey006-N1-7_S6_L001	661Roey006-N1-7_S6_L001	661Roey006-N1-7_S6_L001_R1_001_noPrimers.fastq.gz	118610	116371	114808	110428	110423	107096
661Roey007-N1-8_S7_L001	661Roey007-N1-8_S7_L001	661Roey007-N1-8_S7_L001_R1_001_noPrimers.fastq.gz	275671	267529	263543	224861	224773	213676
661Roey008-N1-9_S8_L001	661Roey008-N1-9_S8_L001	661Roey008-N1-9_S8_L001_R1_001_noPrimers.fastq.gz	177642	170464	167976	128977	128951	122487
661Roey009-N1-10_S9_L001	661Roey009-N1-10_S9_L001	661Roey009-N1-10_S9_L001_R1_001_noPrimers.fastq.gz	183352	180004	176158	170521	170392	162844
661Roey010-N1-11_S10_L001	661Roey010-N1-11_S10_L001	661Roey010-N1-11_S10_L001_R1_001_noPrimers.fastq.gz	82524	81133	79901	78744	78744	77233
661Roey011-Mock-com_S11_L001	661Roey011-Mock-com_S11_L001	661Roey011-Mock-com_S11_L001_R1_001_noPrimers.fastq.gz	56215	54873	54335	53623	53617	49237
661Roey012-N3-2_S12_L001	661Roey012-N3-2_S12_L001	661Roey012-N3-2_S12_L001_R1_001_noPrimers.fastq.gz	124074	119737	117975	96161	96130	92843
661Roey013-N3-3_S13_L001	661Roey013-N3-3_S13_L001	661Roey013-N3-3_S13_L001_R1_001_noPrimers.fastq.gz	104993	101687	100089	76416	76396	74431
661Roey014-N3-4_S14_L001	661Roey014-N3-4_S14_L001	661Roey014-N3-4_S14_L001_R1_001_noPrimers.fastq.gz	34072	33505	32863	32187	32184	31595
661Roey015-N3-5_S15_L001	661Roey015-N3-5_S15_L001	661Roey015-N3-5_S15_L001_R1_001_noPrimers.fastq.gz	27197	26862	26641	26278	26278	25736
661Roey016-N3-6_S16_L001	661Roey016-N3-6_S16_L001	661Roey016-N3-6_S16_L001_R1_001_noPrimers.fastq.gz	28648	28230	27933	27442	27442	26931
661Roey017-N3-7_S17_L001	661Roey017-N3-7_S17_L001	661Roey017-N3-7_S17_L001_R1_001_noPrimers.fastq.gz	57179	56120	55375	54100	54042	53182
661Roey018-N3-8_S18_L001	661Roey018-N3-8_S18_L001	661Roey018-N3-8_S18_L001_R1_001_noPrimers.fastq.gz	267119	262779	259103	248302	248296	230476
661Roey019-N3-9_S19_L001	661Roey019-N3-9_S19_L001	661Roey019-N3-9_S19_L001_R1_001_noPrimers.fastq.gz	289642	284539	279821	267783	266507	240986
661Roey020-N3-10_S20_L001	661Roey020-N3-10_S20_L001	661Roey020-N3-10_S20_L001_R1_001_noPrimers.fastq.gz	229394	225573	221421	210646	210581	185328
661Roey021-N3-11_S21_L001	661Roey021-N3-11_S21_L001	661Roey021-N3-11_S21_L001_R1_001_noPrimers.fastq.gz	246091	241869	237899	230327	229895	213373
661Roey022-N5-2_S22_L001	661Roey022-N5-2_S22_L001	661Roey022-N5-2_S22_L001_R1_001_noPrimers.fastq.gz	6862	6743	6714	6676	6676	6674
661Roey023-N5-3_S23_L001	661Roey023-N5-3_S23_L001	661Roey023-N5-3_S23_L001_R1_001_noPrimers.fastq.gz	13635	13454	13379	13277	13007	12991
661Roey024-N5-4_S24_L001	661Roey024-N5-4_S24_L001	661Roey024-N5-4_S24_L001_R1_001_noPrimers.fastq.gz	17817	17483	17417	17264	17264	17249
661Roey025-N5-5_S25_L001	661Roey025-N5-5_S25_L001	661Roey025-N5-5_S25_L001_R1_001_noPrimers.fastq.gz	20673	20376	20170	19792	19714	19429
661Roey026-N5-6_S26_L001	661Roey026-N5-6_S26_L001	661Roey026-N5-6_S26_L001_R1_001_noPrimers.fastq.gz	11241	11120	11057	10999	10999	10986
661Roey027-N5-7_S27_L001	661Roey027-N5-7_S27_L001	661Roey027-N5-7_S27_L001_R1_001_noPrimers.fastq.gz	23296	22936	22488	22200	22172	21926
661Roey028-N5-8_S28_L001	661Roey028-N5-8_S28_L001	661Roey028-N5-8_S28_L001_R1_001_noPrimers.fastq.gz	15037	14823	14723	14580	14580	13939
661Roey029-N5-9_S29_L001	661Roey029-N5-9_S29_L001	661Roey029-N5-9_S29_L001_R1_001_noPrimers.fastq.gz	25517	24425	24106	16868	16868	16574
661Roey030-N5-10_S30_L001	661Roey030-N5-10_S30_L001	661Roey030-N5-10_S30_L001_R1_001_noPrimers.fastq.gz	29097	27711	27332	19316	19316	18854
661Roey031-N5-11_S31_L001	661Roey031-N5-11_S31_L001	661Roey031-N5-11_S31_L001_R1_001_noPrimers.fastq.gz	19499	18377	18141	11019	10994	10986
661Roey032-N7-2_S32_L001	661Roey032-N7-2_S32_L001	661Roey032-N7-2_S32_L001_R1_001_noPrimers.fastq.gz	27509	27027	26717	26151	25344	25144
661Roey033-N7-3_S33_L001	661Roey033-N7-3_S33_L001	661Roey033-N7-3_S33_L001_R1_001_noPrimers.fastq.gz	16083	15856	15748	15573	15565	15529
661Roey034-N7-4_S34_L001	661Roey034-N7-4_S34_L001	661Roey034-N7-4_S34_L001_R1_001_noPrimers.fastq.gz	23130	22838	22682	22246	22246	22172
661Roey035-N7-5_S35_L001	661Roey035-N7-5_S35_L001	661Roey035-N7-5_S35_L001_R1_001_noPrimers.fastq.gz	25478	25015	24764	23346	23346	23197
661Roey036-N7-6_S36_L001	661Roey036-N7-6_S36_L001	661Roey036-N7-6_S36_L001_R1_001_noPrimers.fastq.gz	19051	18806	18744	18586	18343	18262
661Roey037-N7-7_S37_L001	661Roey037-N7-7_S37_L001	661Roey037-N7-7_S37_L001_R1_001_noPrimers.fastq.gz	23033	22754	22678	22469	22469	22415
661Roey038-N7-8_S38_L001	661Roey038-N7-8_S38_L001	661Roey038-N7-8_S38_L001_R1_001_noPrimers.fastq.gz	25729	25285	25111	24298	23592	23532
661Roey039-N7-9_S39_L001	661Roey039-N7-9_S39_L001	661Roey039-N7-9_S39_L001_R1_001_noPrimers.fastq.gz	22856	21596	21358	12979	12979	12797
661Roey040-N7-10_S40_L001	661Roey040-N7-10_S40_L001	661Roey040-N7-10_S40_L001_R1_001_noPrimers.fastq.gz	29155	28652	28173	27654	27637	27396
661Roey041-N7-11_S41_L001	661Roey041-N7-11_S41_L001	661Roey041-N7-11_S41_L001_R1_001_noPrimers.fastq.gz	9968	9854	9786	9728	9728	9675
661Roey042-N9-2_S42_L001	661Roey042-N9-2_S42_L001	661Roey042-N9-2_S42_L001_R1_001_noPrimers.fastq.gz	21222	20933	20737	20571	20571	18449
661Roey043-N9-3_S43_L001	661Roey043-N9-3_S43_L001	661Roey043-N9-3_S43_L001_R1_001_noPrimers.fastq.gz	23739	23437	23297	23056	23056	22678
661Roey044-N9-4_S44_L001	661Roey044-N9-4_S44_L001	661Roey044-N9-4_S44_L001_R1_001_noPrimers.fastq.gz	22256	21888	21763	20939	20939	20578
661Roey045-N9-5_S45_L001	661Roey045-N9-5_S45_L001	661Roey045-N9-5_S45_L001_R1_001_noPrimers.fastq.gz	24651	24261	24051	23821	23808	23720
661Roey046-N9-6_S46_L001	661Roey046-N9-6_S46_L001	661Roey046-N9-6_S46_L001_R1_001_noPrimers.fastq.gz	26201	25892	25752	25529	25496	25406
661Roey047-N9-7_S47_L001	661Roey047-N9-7_S47_L001	661Roey047-N9-7_S47_L001_R1_001_noPrimers.fastq.gz	22606	21544	21462	9172	8951	8899
661Roey048-N9-8_S48_L001	661Roey048-N9-8_S48_L001	661Roey048-N9-8_S48_L001_R1_001_noPrimers.fastq.gz	26344	26020	25858	25483	25419	24054
661Roey049-N9-9_S49_L001	661Roey049-N9-9_S49_L001	661Roey049-N9-9_S49_L001_R1_001_noPrimers.fastq.gz	23453	23072	22784	22221	22221	22029
661Roey050-N9-10_S50_L001	661Roey050-N9-10_S50_L001	661Roey050-N9-10_S50_L001_R1_001_noPrimers.fastq.gz	26078	25718	25483	24697	24697	24534
661Roey051-N9-11_S51_L001	661Roey051-N9-11_S51_L001	661Roey051-N9-11_S51_L001_R1_001_noPrimers.fastq.gz	26222	25858	25603	24917	24905	24712
661Roey052-N11-2_S52_L001	661Roey052-N11-2_S52_L001	661Roey052-N11-2_S52_L001_R1_001_noPrimers.fastq.gz	21586	21264	21145	20517	20500	20465
661Roey053-N11-3_S53_L001	661Roey053-N11-3_S53_L001	661Roey053-N11-3_S53_L001_R1_001_noPrimers.fastq.gz	28088	27717	27528	27381	27223	27136
661Roey054-N11-4_S54_L001	661Roey054-N11-4_S54_L001	661Roey054-N11-4_S54_L001_R1_001_noPrimers.fastq.gz	23254	22947	22791	22435	22433	22363
661Roey055-N11-5_S55_L001	661Roey055-N11-5_S55_L001	661Roey055-N11-5_S55_L001_R1_001_noPrimers.fastq.gz	28908	28401	27938	27403	27014	26607
661Roey056-N11-6_S56_L001	661Roey056-N11-6_S56_L001	661Roey056-N11-6_S56_L001_R1_001_noPrimers.fastq.gz	27303	26860	26626	26242	26102	25369
661Roey057-N11-7_S57_L001	661Roey057-N11-7_S57_L001	661Roey057-N11-7_S57_L001_R1_001_noPrimers.fastq.gz	24817	24461	24246	23797	23797	23717
661Roey058-N11-8_S58_L001	661Roey058-N11-8_S58_L001	661Roey058-N11-8_S58_L001_R1_001_noPrimers.fastq.gz	25968	25477	25254	24940	24049	24006
661Roey059-N11-9_S59_L001	661Roey059-N11-9_S59_L001	661Roey059-N11-9_S59_L001_R1_001_noPrimers.fastq.gz	25277	24582	24110	23750	23750	23492
661Roey060-N11-10_S60_L001	661Roey060-N11-10_S60_L001	661Roey060-N11-10_S60_L001_R1_001_noPrimers.fastq.gz	134338	131042	129327	126974	126799	121233
661Roey061-N11-11_S61_L001	661Roey061-N11-11_S61_L001	661Roey061-N11-11_S61_L001_R1_001_noPrimers.fastq.gz	87350	85315	84080	82624	82624	79389
661Roey062-NTC-N1-5and19_S62_L001	661Roey062-NTC-N1-5and19_S62_L001	661Roey062-NTC-N1-5and19_S62_L001_R1_001_noPrimers.fastq.gz	17605	16395	16348	5439	5437	5421
661Roey063-N13-2_S63_L001	661Roey063-N13-2_S63_L001	661Roey063-N13-2_S63_L001_R1_001_noPrimers.fastq.gz	26580	26213	26001	25230	25112	25025
661Roey064-N13-3_S64_L001	661Roey064-N13-3_S64_L001	661Roey064-N13-3_S64_L001_R1_001_noPrimers.fastq.gz	22167	21744	21593	21359	20815	20743
661Roey065-N13-4_S65_L001	661Roey065-N13-4_S65_L001	661Roey065-N13-4_S65_L001_R1_001_noPrimers.fastq.gz	27468	26979	26768	26293	24523	24354
661Roey066-N13-5_S66_L001	661Roey066-N13-5_S66_L001	661Roey066-N13-5_S66_L001_R1_001_noPrimers.fastq.gz	24133	23819	23618	23414	23414	23371
661Roey067-N13-6_S67_L001	661Roey067-N13-6_S67_L001	661Roey067-N13-6_S67_L001_R1_001_noPrimers.fastq.gz	28941	28505	28245	27677	27677	27593
661Roey068-N13-7_S68_L001	661Roey068-N13-7_S68_L001	661Roey068-N13-7_S68_L001_R1_001_noPrimers.fastq.gz	25385	24967	24765	24396	24396	23056
661Roey069-N13-8_S69_L001	661Roey069-N13-8_S69_L001	661Roey069-N13-8_S69_L001_R1_001_noPrimers.fastq.gz	36330	35458	35042	33736	33705	33362
661Roey070-N13-9_S70_L001	661Roey070-N13-9_S70_L001	661Roey070-N13-9_S70_L001_R1_001_noPrimers.fastq.gz	65016	63482	62155	60296	60296	59516
661Roey071-N13-10_S71_L001	661Roey071-N13-10_S71_L001	661Roey071-N13-10_S71_L001_R1_001_noPrimers.fastq.gz	37151	36337	35867	35229	35229	34733
661Roey072-N13-11_S72_L001	661Roey072-N13-11_S72_L001	661Roey072-N13-11_S72_L001_R1_001_noPrimers.fastq.gz	23687	23282	23069	22651	22640	22582
661Roey073-NTC-N7-17_S73_L001	661Roey073-NTC-N7-17_S73_L001	661Roey073-NTC-N7-17_S73_L001_R1_001_noPrimers.fastq.gz	20372	18822	18726	8384	7881	7833
661Roey074-N15-2_S74_L001	661Roey074-N15-2_S74_L001	661Roey074-N15-2_S74_L001_R1_001_noPrimers.fastq.gz	10155	10022	9950	9848	9814	9804
661Roey075-N15-3_S75_L001	661Roey075-N15-3_S75_L001	661Roey075-N15-3_S75_L001_R1_001_noPrimers.fastq.gz	12454	12286	12209	12115	12115	12081
661Roey076-N15-4_S76_L001	661Roey076-N15-4_S76_L001	661Roey076-N15-4_S76_L001_R1_001_noPrimers.fastq.gz	14634	14541	14484	14229	13409	13392
661Roey077-N15-5_S77_L001	661Roey077-N15-5_S77_L001	661Roey077-N15-5_S77_L001_R1_001_noPrimers.fastq.gz	22498	22139	21671	21208	21208	21017
661Roey078-N15-6_S78_L001	661Roey078-N15-6_S78_L001	661Roey078-N15-6_S78_L001_R1_001_noPrimers.fastq.gz	21459	20881	20736	12734	12734	11783
661Roey079-N15-7_S79_L001	661Roey079-N15-7_S79_L001	661Roey079-N15-7_S79_L001_R1_001_noPrimers.fastq.gz	20678	19299	19143	9842	9842	9466
661Roey080-N15-8_S80_L001	661Roey080-N15-8_S80_L001	661Roey080-N15-8_S80_L001_R1_001_noPrimers.fastq.gz	26315	25945	25625	24948	24948	24675
661Roey081-N15-9_S81_L001	661Roey081-N15-9_S81_L001	661Roey081-N15-9_S81_L001_R1_001_noPrimers.fastq.gz	31221	30708	30187	29639	29566	29174
661Roey082-N15-10_S82_L001	661Roey082-N15-10_S82_L001	661Roey082-N15-10_S82_L001_R1_001_noPrimers.fastq.gz	106364	104451	102619	100909	100909	96153
661Roey083-N15-11_S83_L001	661Roey083-N15-11_S83_L001	661Roey083-N15-11_S83_L001_R1_001_noPrimers.fastq.gz	92771	91018	89109	87175	87173	83963
661Roey084-Mock-com-2_S84_L001	661Roey084-Mock-com-2_S84_L001	661Roey084-Mock-com-2_S84_L001_R1_001_noPrimers.fastq.gz	114583	112625	112006	111427	111417	102174
Angel085-N17-2_S85_L001	Angel085-N17-2_S85_L001	Angel085-N17-2_S85_L001_R1_001_noPrimers.fastq.gz	20195	19702	19524	15506	15506	15440
Angel086-N17-3_S86_L001	Angel086-N17-3_S86_L001	Angel086-N17-3_S86_L001_R1_001_noPrimers.fastq.gz	25154	24735	24493	23179	23179	22844
Angel087-N17-4_S87_L001	Angel087-N17-4_S87_L001	Angel087-N17-4_S87_L001_R1_001_noPrimers.fastq.gz	28325	27654	27288	25026	25026	24959
Angel088-N17-5_S88_L001	Angel088-N17-5_S88_L001	Angel088-N17-5_S88_L001_R1_001_noPrimers.fastq.gz	26567	26082	25691	25142	25142	24703
Angel089-N17-6_S89_L001	Angel089-N17-6_S89_L001	Angel089-N17-6_S89_L001_R1_001_noPrimers.fastq.gz	29613	28912	27782	27051	25867	25701
Angel090-N17-7_S90_L001	Angel090-N17-7_S90_L001	Angel090-N17-7_S90_L001_R1_001_noPrimers.fastq.gz	28443	27910	27272	26736	26526	26262
Angel091-N17-8_S91_L001	Angel091-N17-8_S91_L001	Angel091-N17-8_S91_L001_R1_001_noPrimers.fastq.gz	28401	27881	27465	26780	26698	26549
Angel092-N17-9_S92_L001	Angel092-N17-9_S92_L001	Angel092-N17-9_S92_L001_R1_001_noPrimers.fastq.gz	101900	100198	98570	96793	96319	92797
Angel093-N17-10_S93_L001	Angel093-N17-10_S93_L001	Angel093-N17-10_S93_L001_R1_001_noPrimers.fastq.gz	239661	235369	231727	225289	224910	208057
Angel094-N17-11_S94_L001	Angel094-N17-11_S94_L001	Angel094-N17-11_S94_L001_R1_001_noPrimers.fastq.gz	221679	217161	212123	201328	200054	175366
Angel095-N19-2_S95_L001	Angel095-N19-2_S95_L001	Angel095-N19-2_S95_L001_R1_001_noPrimers.fastq.gz	12553	12362	12206	12048	12048	11945
Angel096-N19-3_S96_L001	Angel096-N19-3_S96_L001	Angel096-N19-3_S96_L001_R1_001_noPrimers.fastq.gz	21057	20728	20592	20385	19782	19757
Angel097-N19-4_S97_L001	Angel097-N19-4_S97_L001	Angel097-N19-4_S97_L001_R1_001_noPrimers.fastq.gz	12274	12040	11935	11833	11821	11773
Angel098-N19-5_S98_L001	Angel098-N19-5_S98_L001	Angel098-N19-5_S98_L001_R1_001_noPrimers.fastq.gz	8584	8452	8381	8170	8168	8107
Angel099-N19-6_S99_L001	Angel099-N19-6_S99_L001	Angel099-N19-6_S99_L001_R1_001_noPrimers.fastq.gz	15261	15012	14867	14725	14422	14392
Angel100-N19-7_S100_L001	Angel100-N19-7_S100_L001	Angel100-N19-7_S100_L001_R1_001_noPrimers.fastq.gz	17581	17123	16973	16717	16717	16689
Angel101-N19-8_S101_L001	Angel101-N19-8_S101_L001	Angel101-N19-8_S101_L001_R1_001_noPrimers.fastq.gz	20009	19675	19224	18985	18985	18952
Angel102-N19-9_S102_L001	Angel102-N19-9_S102_L001	Angel102-N19-9_S102_L001_R1_001_noPrimers.fastq.gz	25191	24743	24464	24199	24189	23864
Angel103-N19-10_S103_L001	Angel103-N19-10_S103_L001	Angel103-N19-10_S103_L001_R1_001_noPrimers.fastq.gz	24221	23877	23727	23222	23222	23137
Angel104-N19-11_S104_L001	Angel104-N19-11_S104_L001	Angel104-N19-11_S104_L001_R1_001_noPrimers.fastq.gz	17994	17741	17599	17447	17447	17442
Angel105-TG1-2_S105_L001	Angel105-TG1-2_S105_L001	Angel105-TG1-2_S105_L001_R1_001_noPrimers.fastq.gz	134823	132165	128837	122648	122602	110689
Angel106-TG1-3_S106_L001	Angel106-TG1-3_S106_L001	Angel106-TG1-3_S106_L001_R1_001_noPrimers.fastq.gz	167975	164985	162021	155383	155379	143929
Angel107-TG1-4_S107_L001	Angel107-TG1-4_S107_L001	Angel107-TG1-4_S107_L001_R1_001_noPrimers.fastq.gz	231099	226800	221664	207603	207492	188599
Angel108-TG1-5_S108_L001	Angel108-TG1-5_S108_L001	Angel108-TG1-5_S108_L001_R1_001_noPrimers.fastq.gz	300199	295073	289665	269881	269528	239617
Angel109-TG1-6_S109_L001	Angel109-TG1-6_S109_L001	Angel109-TG1-6_S109_L001_R1_001_noPrimers.fastq.gz	387327	381920	375935	345591	345343	291129
Angel110-TG1-7_S110_L001	Angel110-TG1-7_S110_L001	Angel110-TG1-7_S110_L001_R1_001_noPrimers.fastq.gz	373268	366658	358448	326097	325406	264588
Angel111-TG1-8_S111_L001	Angel111-TG1-8_S111_L001	Angel111-TG1-8_S111_L001_R1_001_noPrimers.fastq.gz	322623	317203	310570	282888	282446	226979
Angel112-TG1-9_S112_L001	Angel112-TG1-9_S112_L001	Angel112-TG1-9_S112_L001_R1_001_noPrimers.fastq.gz	392196	385054	374585	333813	332676	239611
Angel113-TG1-10_S113_L001	Angel113-TG1-10_S113_L001	Angel113-TG1-10_S113_L001_R1_001_noPrimers.fastq.gz	242155	237638	231731	214984	214895	179865
Angel114-TG1-11_S114_L001	Angel114-TG1-11_S114_L001	Angel114-TG1-11_S114_L001_R1_001_noPrimers.fastq.gz	253984	250272	246251	229146	228761	188051
Angel115-TG3-2_S115_L001	Angel115-TG3-2_S115_L001	Angel115-TG3-2_S115_L001_R1_001_noPrimers.fastq.gz	24619	24215	23826	23397	23304	23096
Angel116-TG3-3_S116_L001	Angel116-TG3-3_S116_L001	Angel116-TG3-3_S116_L001_R1_001_noPrimers.fastq.gz	25143	24772	24568	24023	23973	23797
Angel117-TG3-4_S117_L001	Angel117-TG3-4_S117_L001	Angel117-TG3-4_S117_L001_R1_001_noPrimers.fastq.gz	28778	28226	27741	27136	27136	26932
Angel118-TG3-5_S118_L001	Angel118-TG3-5_S118_L001	Angel118-TG3-5_S118_L001_R1_001_noPrimers.fastq.gz	43456	42381	41749	40150	40150	39857
Angel119-TG3-6_S119_L001	Angel119-TG3-6_S119_L001	Angel119-TG3-6_S119_L001_R1_001_noPrimers.fastq.gz	165854	162852	160328	156690	156689	151642
Angel120-TG3-7_S120_L001	Angel120-TG3-7_S120_L001	Angel120-TG3-7_S120_L001_R1_001_noPrimers.fastq.gz	136848	134332	132018	126756	126558	121711
Angel121-TG3-8_S121_L001	Angel121-TG3-8_S121_L001	Angel121-TG3-8_S121_L001_R1_001_noPrimers.fastq.gz	231342	227151	222946	216712	215169	208807
Angel122-TG3-9_S122_L001	Angel122-TG3-9_S122_L001	Angel122-TG3-9_S122_L001_R1_001_noPrimers.fastq.gz	174491	171482	168774	162571	162565	155710
Angel123-TG3-10_S123_L001	Angel123-TG3-10_S123_L001	Angel123-TG3-10_S123_L001_R1_001_noPrimers.fastq.gz	112885	111054	109052	106231	106187	103849
Angel124-TG3-11_S124_L001	Angel124-TG3-11_S124_L001	Angel124-TG3-11_S124_L001_R1_001_noPrimers.fastq.gz	29028	28566	28122	27296	27284	27049
Angel125-TG5-2_S125_L001	Angel125-TG5-2_S125_L001	Angel125-TG5-2_S125_L001_R1_001_noPrimers.fastq.gz	24505	24152	23981	23589	23573	23318
Angel126-TG5-3_S126_L001	Angel126-TG5-3_S126_L001	Angel126-TG5-3_S126_L001_R1_001_noPrimers.fastq.gz	24145	23814	23516	23071	23071	22966
Angel127-TG5-4_S127_L001	Angel127-TG5-4_S127_L001	Angel127-TG5-4_S127_L001_R1_001_noPrimers.fastq.gz	23327	22903	22594	22061	22061	21850
Angel128-TG5-5_S128_L001	Angel128-TG5-5_S128_L001	Angel128-TG5-5_S128_L001_R1_001_noPrimers.fastq.gz	32428	31890	31375	30358	30341	29915
Angel129-TG5-6_S129_L001	Angel129-TG5-6_S129_L001	Angel129-TG5-6_S129_L001_R1_001_noPrimers.fastq.gz	67761	66559	65549	63861	63684	61975
Angel130-TG5-7_S130_L001	Angel130-TG5-7_S130_L001	Angel130-TG5-7_S130_L001_R1_001_noPrimers.fastq.gz	31058	30450	30038	29239	28841	27780
Angel131-TG5-8_S131_L001	Angel131-TG5-8_S131_L001	Angel131-TG5-8_S131_L001_R1_001_noPrimers.fastq.gz	26860	26388	26121	25567	25567	25396
Angel132-TG5-9_S132_L001	Angel132-TG5-9_S132_L001	Angel132-TG5-9_S132_L001_R1_001_noPrimers.fastq.gz	27976	27475	27012	26390	26390	26285
Angel133-TG5-10_S133_L001	Angel133-TG5-10_S133_L001	Angel133-TG5-10_S133_L001_R1_001_noPrimers.fastq.gz	37546	36930	36393	35295	35094	34686
Angel134-TG5-11_S134_L001	Angel134-TG5-11_S134_L001	Angel134-TG5-11_S134_L001_R1_001_noPrimers.fastq.gz	25137	24754	24428	24044	23881	23611
Angel135-TG7-2_S135_L001	Angel135-TG7-2_S135_L001	Angel135-TG7-2_S135_L001_R1_001_noPrimers.fastq.gz	23763	22344	21997	13793	13515	12138
Angel136-TG7-3_S136_L001	Angel136-TG7-3_S136_L001	Angel136-TG7-3_S136_L001_R1_001_noPrimers.fastq.gz	17582	16437	16327	7623	7623	7622
Angel137-TG7-4_S137_L001	Angel137-TG7-4_S137_L001	Angel137-TG7-4_S137_L001_R1_001_noPrimers.fastq.gz	16802	15619	15510	6416	5564	5563
Angel138-TG7-5_S138_L001	Angel138-TG7-5_S138_L001	Angel138-TG7-5_S138_L001_R1_001_noPrimers.fastq.gz	20867	19083	18944	7546	7546	7546
Angel139-TG7-6_S139_L001	Angel139-TG7-6_S139_L001	Angel139-TG7-6_S139_L001_R1_001_noPrimers.fastq.gz	24290	23101	22864	14604	14604	14506
Angel140-TG7-7_S140_L001	Angel140-TG7-7_S140_L001	Angel140-TG7-7_S140_L001_R1_001_noPrimers.fastq.gz	21936	20814	20615	13979	13979	13732
Angel141-TG7-8_S141_L001	Angel141-TG7-8_S141_L001	Angel141-TG7-8_S141_L001_R1_001_noPrimers.fastq.gz	21016	19945	19776	11818	11611	10638
Angel142-TG7-9_S142_L001	Angel142-TG7-9_S142_L001	Angel142-TG7-9_S142_L001_R1_001_noPrimers.fastq.gz	74434	70507	69597	43039	42517	41156
Angel143-TG7-10_S143_L001	Angel143-TG7-10_S143_L001	Angel143-TG7-10_S143_L001_R1_001_noPrimers.fastq.gz	28592	27113	26798	18236	17658	16478
Angel144-TG7-11_S144_L001	Angel144-TG7-11_S144_L001	Angel144-TG7-11_S144_L001_R1_001_noPrimers.fastq.gz	29888	28413	28010	18909	18869	17689
Angel145-TG9-2_S145_L001	Angel145-TG9-2_S145_L001	Angel145-TG9-2_S145_L001_R1_001_noPrimers.fastq.gz	35809	33836	33174	21768	21768	20795
Angel146-TG9-3_S146_L001	Angel146-TG9-3_S146_L001	Angel146-TG9-3_S146_L001_R1_001_noPrimers.fastq.gz	59177	56833	55993	41218	41216	40346
Angel147-TG9-4_S147_L001	Angel147-TG9-4_S147_L001	Angel147-TG9-4_S147_L001_R1_001_noPrimers.fastq.gz	24415	23164	23094	13554	13407	13356
Angel148-TG9-5_S148_L001	Angel148-TG9-5_S148_L001	Angel148-TG9-5_S148_L001_R1_001_noPrimers.fastq.gz	35545	34039	33539	21979	21979	21723
Angel149-TG9-6_S149_L001	Angel149-TG9-6_S149_L001	Angel149-TG9-6_S149_L001_R1_001_noPrimers.fastq.gz	25054	23949	23810	15996	15772	15652
Angel150-TG9-7_S150_L001	Angel150-TG9-7_S150_L001	Angel150-TG9-7_S150_L001_R1_001_noPrimers.fastq.gz	13112	11884	11828	3580	3323	3319
Angel151-TG9-8_S151_L001	Angel151-TG9-8_S151_L001	Angel151-TG9-8_S151_L001_R1_001_noPrimers.fastq.gz	18914	17365	17303	7318	7318	7318
Angel152-TG9-9_S152_L001	Angel152-TG9-9_S152_L001	Angel152-TG9-9_S152_L001_R1_001_noPrimers.fastq.gz	16565	15367	15293	5632	5632	5622
Angel153-TG9-10_S153_L001	Angel153-TG9-10_S153_L001	Angel153-TG9-10_S153_L001_R1_001_noPrimers.fastq.gz	18107	17072	16966	9378	9378	9358
Angel154-TG9-11_S154_L001	Angel154-TG9-11_S154_L001	Angel154-TG9-11_S154_L001_R1_001_noPrimers.fastq.gz	24326	23293	23072	14381	14381	14323
Roey155-TG11-2_S155_L001	Roey155-TG11-2_S155_L001	Roey155-TG11-2_S155_L001_R1_001_noPrimers.fastq.gz	20340	19932	19849	19349	19349	19091
Roey156-TG11-3_S156_L001	Roey156-TG11-3_S156_L001	Roey156-TG11-3_S156_L001_R1_001_noPrimers.fastq.gz	23315	22968	22715	22536	22536	22335
Roey157-TG11-4_S157_L001	Roey157-TG11-4_S157_L001	Roey157-TG11-4_S157_L001_R1_001_noPrimers.fastq.gz	27927	27402	27089	26803	26803	26773
Roey158-TG11-5_S158_L001	Roey158-TG11-5_S158_L001	Roey158-TG11-5_S158_L001_R1_001_noPrimers.fastq.gz	48397	47230	46300	44787	44787	44023
Roey159-TG11-6_S159_L001	Roey159-TG11-6_S159_L001	Roey159-TG11-6_S159_L001_R1_001_noPrimers.fastq.gz	56217	54447	53299	51178	51170	50117
Roey160-TG11-7_S160_L001	Roey160-TG11-7_S160_L001	Roey160-TG11-7_S160_L001_R1_001_noPrimers.fastq.gz	28471	27706	27174	26677	26677	26476
Roey161-TG11-8_S161_L001	Roey161-TG11-8_S161_L001	Roey161-TG11-8_S161_L001_R1_001_noPrimers.fastq.gz	55712	54333	53084	51101	50985	49181
Roey162-TG11-9_S162_L001	Roey162-TG11-9_S162_L001	Roey162-TG11-9_S162_L001_R1_001_noPrimers.fastq.gz	44736	43799	42841	42055	42018	40440
Roey163-TG11-10_S163_L001	Roey163-TG11-10_S163_L001	Roey163-TG11-10_S163_L001_R1_001_noPrimers.fastq.gz	49246	47927	47157	44682	44137	42253
Roey164-TG11-11_S164_L001	Roey164-TG11-11_S164_L001	Roey164-TG11-11_S164_L001_R1_001_noPrimers.fastq.gz	31447	30809	30331	29471	29211	28462
Roey165-TG13-2_S165_L001	Roey165-TG13-2_S165_L001	Roey165-TG13-2_S165_L001_R1_001_noPrimers.fastq.gz	25872	25440	25084	24552	24145	23839
Roey166-TG13-3_S166_L001	Roey166-TG13-3_S166_L001	Roey166-TG13-3_S166_L001_R1_001_noPrimers.fastq.gz	22649	22279	22087	21341	21007	20950
Roey167-TG13-4_S167_L001	Roey167-TG13-4_S167_L001	Roey167-TG13-4_S167_L001_R1_001_noPrimers.fastq.gz	24386	24014	23915	23068	23068	22904
Roey168-TG13-5_S168_L001	Roey168-TG13-5_S168_L001	Roey168-TG13-5_S168_L001_R1_001_noPrimers.fastq.gz	21671	21259	21118	19612	19612	19587
Roey169-TG13-6_S169_L001	Roey169-TG13-6_S169_L001	Roey169-TG13-6_S169_L001_R1_001_noPrimers.fastq.gz	24143	23731	23601	23375	22587	22325
Roey170-TG13-7_S170_L001	Roey170-TG13-7_S170_L001	Roey170-TG13-7_S170_L001_R1_001_noPrimers.fastq.gz	23457	23104	22822	22293	22293	21792
Roey171-TG13-8_S171_L001	Roey171-TG13-8_S171_L001	Roey171-TG13-8_S171_L001_R1_001_noPrimers.fastq.gz	24398	24027	23841	23521	23250	23092
Roey172-TG13-9_S172_L001	Roey172-TG13-9_S172_L001	Roey172-TG13-9_S172_L001_R1_001_noPrimers.fastq.gz	29023	28395	27785	26853	26842	26407
Roey173-TG13-10_S173_L001	Roey173-TG13-10_S173_L001	Roey173-TG13-10_S173_L001_R1_001_noPrimers.fastq.gz	31658	30803	30434	30226	30226	29815
Roey174-TG13-11_S174_L001	Roey174-TG13-11_S174_L001	Roey174-TG13-11_S174_L001_R1_001_noPrimers.fastq.gz	22636	22352	22093	21891	21891	21860
Roey175-TG15-2_S175_L001	Roey175-TG15-2_S175_L001	Roey175-TG15-2_S175_L001_R1_001_noPrimers.fastq.gz	24210	23837	23620	23044	23044	12676
Roey176-TG15-3_S176_L001	Roey176-TG15-3_S176_L001	Roey176-TG15-3_S176_L001_R1_001_noPrimers.fastq.gz	22447	22125	21971	21577	21556	21495
Roey177-TG15-4_S177_L001	Roey177-TG15-4_S177_L001	Roey177-TG15-4_S177_L001_R1_001_noPrimers.fastq.gz	31154	30759	30610	30294	30294	29690
Roey178-TG15-5_S178_L001	Roey178-TG15-5_S178_L001	Roey178-TG15-5_S178_L001_R1_001_noPrimers.fastq.gz	20861	20622	20495	20293	20293	20244
Roey179-TG15-6_S179_L001	Roey179-TG15-6_S179_L001	Roey179-TG15-6_S179_L001_R1_001_noPrimers.fastq.gz	54456	53121	52097	50827	50827	49857
Roey180-TG15-7_S180_L001	Roey180-TG15-7_S180_L001	Roey180-TG15-7_S180_L001_R1_001_noPrimers.fastq.gz	82128	80247	77917	73555	73468	66776
Roey181-TG15-8_S181_L001	Roey181-TG15-8_S181_L001	Roey181-TG15-8_S181_L001_R1_001_noPrimers.fastq.gz	95731	94067	92545	90771	88980	85365
Roey182-TG15-9_S182_L001	Roey182-TG15-9_S182_L001	Roey182-TG15-9_S182_L001_R1_001_noPrimers.fastq.gz	54983	53800	52578	51419	50567	48728
Roey183-TG15-10_S183_L001	Roey183-TG15-10_S183_L001	Roey183-TG15-10_S183_L001_R1_001_noPrimers.fastq.gz	52796	51780	50729	49520	49327	47411
Roey184-TG15-11_S184_L001	Roey184-TG15-11_S184_L001	Roey184-TG15-11_S184_L001_R1_001_noPrimers.fastq.gz	25356	24961	24698	24407	24095	23538
Roey185-TG17-2_S185_L001	Roey185-TG17-2_S185_L001	Roey185-TG17-2_S185_L001_R1_001_noPrimers.fastq.gz	23264	22961	22780	22114	22114	22037
Roey186-TG17-3_S186_L001	Roey186-TG17-3_S186_L001	Roey186-TG17-3_S186_L001_R1_001_noPrimers.fastq.gz	21561	21280	21173	20965	20965	20797
Roey187-TG17-4_S187_L001	Roey187-TG17-4_S187_L001	Roey187-TG17-4_S187_L001_R1_001_noPrimers.fastq.gz	20852	20619	20507	20322	20322	20307
Roey188-TG17-5_S188_L001	Roey188-TG17-5_S188_L001	Roey188-TG17-5_S188_L001_R1_001_noPrimers.fastq.gz	24288	23924	23549	23257	23257	22271
Roey189-TG17-6_S189_L001	Roey189-TG17-6_S189_L001	Roey189-TG17-6_S189_L001_R1_001_noPrimers.fastq.gz	48766	47615	46377	45342	45342	44781
Roey190-TG17-7_S190_L001	Roey190-TG17-7_S190_L001	Roey190-TG17-7_S190_L001_R1_001_noPrimers.fastq.gz	75751	73696	71887	69270	69237	67007
Roey191-TG17-8_S191_L001	Roey191-TG17-8_S191_L001	Roey191-TG17-8_S191_L001_R1_001_noPrimers.fastq.gz	54916	53575	52305	51094	51094	50101
Roey192-TG17-9_S192_L001	Roey192-TG17-9_S192_L001	Roey192-TG17-9_S192_L001_R1_001_noPrimers.fastq.gz	56008	55021	54060	52826	52469	50432
Roey193-TG17-10_S193_L001	Roey193-TG17-10_S193_L001	Roey193-TG17-10_S193_L001_R1_001_noPrimers.fastq.gz	69500	68140	66899	65265	65265	62174
Roey194-TG17-11_S194_L001	Roey194-TG17-11_S194_L001	Roey194-TG17-11_S194_L001_R1_001_noPrimers.fastq.gz	25407	24998	24604	24226	24226	23758
Roey195-TG19-2_S195_L001	Roey195-TG19-2_S195_L001	Roey195-TG19-2_S195_L001_R1_001_noPrimers.fastq.gz	25594	25117	24845	24063	24063	23956
Roey196-TG19-3_S196_L001	Roey196-TG19-3_S196_L001	Roey196-TG19-3_S196_L001_R1_001_noPrimers.fastq.gz	25290	24865	24521	24217	24180	23275
Roey197-TG19-4_S197_L001	Roey197-TG19-4_S197_L001	Roey197-TG19-4_S197_L001_R1_001_noPrimers.fastq.gz	19702	19389	19177	19001	18827	18792
Roey198-TG19-5_S198_L001	Roey198-TG19-5_S198_L001	Roey198-TG19-5_S198_L001_R1_001_noPrimers.fastq.gz	32391	31638	31067	30197	30197	29501
Roey199-TG19-6_S199_L001	Roey199-TG19-6_S199_L001	Roey199-TG19-6_S199_L001_R1_001_noPrimers.fastq.gz	43070	41825	40958	39679	39679	39351
Roey200-TG19-7_S200_L001	Roey200-TG19-7_S200_L001	Roey200-TG19-7_S200_L001_R1_001_noPrimers.fastq.gz	46054	44820	43944	42409	42154	41513
Roey201-TG19-8_S201_L001	Roey201-TG19-8_S201_L001	Roey201-TG19-8_S201_L001_R1_001_noPrimers.fastq.gz	114581	112612	111001	109133	109133	105341
Roey202-TG19-9_S202_L001	Roey202-TG19-9_S202_L001	Roey202-TG19-9_S202_L001_R1_001_noPrimers.fastq.gz	216166	212112	208081	202273	202270	189486
Roey203-TG19-10_S203_L001	Roey203-TG19-10_S203_L001	Roey203-TG19-10_S203_L001_R1_001_noPrimers.fastq.gz	191223	187752	185011	181296	178445	170353
Roey204-TG19-11_S204_L001	Roey204-TG19-11_S204_L001	Roey204-TG19-11_S204_L001_R1_001_noPrimers.fastq.gz	25108	24645	24206	23893	23658	23506
Roey205-NTC-TG1-5_S205_L001	Roey205-NTC-TG1-5_S205_L001	Roey205-NTC-TG1-5_S205_L001_R1_001_noPrimers.fastq.gz	22011	21586	21301	20942	20942	20709
Roey206-NTC-TG7-11_S206_L001	Roey206-NTC-TG7-11_S206_L001	Roey206-NTC-TG7-11_S206_L001_R1_001_noPrimers.fastq.gz	17181	16160	16114	5661	5661	5630
Roey207-blank-2_S207_L001	Roey207-blank-2_S207_L001	Roey207-blank-2_S207_L001_R1_001_noPrimers.fastq.gz	27783	27395	27122	26514	26500	25992
Roey208-blank-3_S208_L001	Roey208-blank-3_S208_L001	Roey208-blank-3_S208_L001_R1_001_noPrimers.fastq.gz	23712	23394	23141	22779	22779	22310
Roey209-blank-4_S209_L001	Roey209-blank-4_S209_L001	Roey209-blank-4_S209_L001_R1_001_noPrimers.fastq.gz	23798	23418	23172	23011	23011	22995
Roey210-blank-5_S210_L001	Roey210-blank-5_S210_L001	Roey210-blank-5_S210_L001_R1_001_noPrimers.fastq.gz	12630	12479	12382	12331	12331	12303
Roey211-blank-6_S211_L001	Roey211-blank-6_S211_L001	Roey211-blank-6_S211_L001_R1_001_noPrimers.fastq.gz	22843	22678	22628	22421	22421	22408
Roey212-blank-7_S212_L001	Roey212-blank-7_S212_L001	Roey212-blank-7_S212_L001_R1_001_noPrimers.fastq.gz	12440	12292	12222	12176	12174	12170
Roey213-blank-8_S213_L001	Roey213-blank-8_S213_L001	Roey213-blank-8_S213_L001_R1_001_noPrimers.fastq.gz	10971	10815	10696	10658	10658	10635
Roey214-blank-9_S214_L001	Roey214-blank-9_S214_L001	Roey214-blank-9_S214_L001_R1_001_noPrimers.fastq.gz	14578	14214	14133	13593	13593	13393
Roey215-blank-10_S215_L001	Roey215-blank-10_S215_L001	Roey215-blank-10_S215_L001_R1_001_noPrimers.fastq.gz	720	677	649	618	618	602
Roey216-blank-11_S216_L001	Roey216-blank-11_S216_L001	Roey216-blank-11_S216_L001_R1_001_noPrimers.fastq.gz	23592	23243	23092	22623	22623	22187
Roey217-NTC-TG13-17_S217_L001	Roey217-NTC-TG13-17_S217_L001	Roey217-NTC-TG13-17_S217_L001_R1_001_noPrimers.fastq.gz	20814	20476	20373	20207	20207	20008
Roey218-NTC-TG19-blank-extra_S218_L001	Roey218-NTC-TG19-blank-extra_S218_L001	Roey218-NTC-TG19-blank-extra_S218_L001_R1_001_noPrimers.fastq.gz	7345	7132	7093	6430	6430	6215
